,N_p,V_p,V_He,NS_angle,Vth_p
2017-10-13 00:00:00,4.19,501.5,516.5,-3.25,37.5
2017-10-13 00:01:00,4.1800003,483.0,498.0,-2.25,37.0
2017-10-13 00:02:00,3.85,499.5,515.5,-3.25,38.5
2017-10-13 00:03:00,3.685,496.0,512.0,-3.1,39.0
2017-10-13 00:04:00,4.085,496.0,510.0,-3.2,36.5
2017-10-13 00:05:00,3.8899999,499.5,515.0,-3.0500002,37.5
2017-10-13 00:06:00,4.27,479.0,493.5,-2.2,37.0
2017-10-13 00:07:00,4.3,481.5,496.0,-2.4,36.5
2017-10-13 00:08:00,4.375,478.0,491.5,-2.3,36.0
2017-10-13 00:09:00,4.455,477.5,491.0,-2.0,36.0
2017-10-13 00:10:00,4.9300003,467.0,478.0,-1.2,32.5
2017-10-13 00:11:00,5.01,465.0,475.0,-0.75,32.0
2017-10-13 00:12:00,4.855,466.5,477.0,-1.1,32.5
2017-10-13 00:13:00,4.955,466.0,476.0,-1.3,32.0
2017-10-13 00:14:00,4.8450003,467.0,477.0,-1.4,32.5
2017-10-13 00:15:00,4.635,469.5,481.0,-1.4000001,33.0
2017-10-13 00:16:00,4.6000004,475.0,487.0,-2.0,34.0
2017-10-13 00:17:00,4.66,472.5,484.5,-2.0,33.5
2017-10-13 00:18:00,4.72,472.5,484.0,-1.9,33.0
2017-10-13 00:19:00,4.35,475.5,488.0,-2.1,35.5
2017-10-13 00:20:00,4.76,472.5,483.5,-1.85,33.0
2017-10-13 00:21:00,4.77,474.0,485.5,-2.0,34.0
2017-10-13 00:22:00,5.13,468.0,478.0,-1.6,32.0
2017-10-13 00:23:00,5.245,469.0,479.5,-1.5,33.0
2017-10-13 00:24:00,5.26,469.5,480.5,-1.65,32.5
2017-10-13 00:25:00,5.3050003,471.5,482.5,-2.25,33.5
2017-10-13 00:26:00,5.41,471.5,484.5,-2.1,35.5
2017-10-13 00:27:00,5.22,468.5,482.5,-2.25,37.0
2017-10-13 00:28:00,5.26,469.5,483.0,-2.45,36.0
2017-10-13 00:29:00,5.555,474.5,488.5,-3.0500002,36.5
2017-10-13 00:30:00,5.38,478.5,492.5,-2.9,36.5
2017-10-13 00:31:00,5.41,476.5,490.0,-3.15,36.0
2017-10-13 00:32:00,5.385,482.0,495.5,-3.55,36.0
2017-10-13 00:33:00,5.21,478.5,492.5,-3.25,36.5
2017-10-13 00:34:00,5.05,481.0,496.0,-2.8,37.0
2017-10-13 00:35:00,4.9700003,479.5,493.5,-3.0,36.5
2017-10-13 00:36:00,5.13,476.5,489.0,-1.8,35.0
2017-10-13 00:37:00,5.065,478.0,491.0,-2.0,35.5
2017-10-13 00:38:00,5.185,475.5,488.0,-1.8499999,34.5
2017-10-13 00:39:00,5.42,474.0,485.5,-1.6500001,33.5
2017-10-13 00:40:00,4.95,477.0,490.5,-1.8499999,35.5
2017-10-13 00:41:00,4.7,480.0,493.5,-1.95,35.5
2017-10-13 00:42:00,4.76,480.5,493.5,-2.15,36.0
2017-10-13 00:43:00,5.34,478.0,490.0,-2.3,35.0
2017-10-13 00:44:00,5.25,476.5,488.5,-2.05,34.5
2017-10-13 00:45:00,5.175,477.5,491.5,-1.9,36.0
2017-10-13 00:46:00,5.0649996,476.5,489.5,-1.75,35.5
2017-10-13 00:47:00,5.23,475.0,487.0,-1.9,34.0
2017-10-13 00:48:00,5.045,472.5,484.5,-1.65,34.0
2017-10-13 00:49:00,5.165,472.5,484.0,-1.75,34.5
2017-10-13 00:50:00,5.235,473.0,484.5,-1.3,34.0
2017-10-13 00:51:00,5.295,472.5,484.0,-1.35,33.5
2017-10-13 00:52:00,5.135,474.5,487.0,-1.85,35.0
2017-10-13 00:53:00,5.995,469.5,479.0,-1.7,32.0
2017-10-13 00:54:00,6.295,467.5,476.5,-1.15,31.0
2017-10-13 00:55:00,6.1549997,467.5,477.0,-1.0999999,31.0
2017-10-13 00:56:00,6.17,468.0,477.5,-1.3,32.0
2017-10-13 00:57:00,6.065,468.0,478.0,-1.25,31.5
2017-10-13 00:58:00,4.735,479.5,492.0,-1.5,35.0
2017-10-13 00:59:00,4.35,481.5,494.5,-1.8,35.5
2017-10-13 01:00:00,3.845,488.0,503.5,-1.75,38.0
2017-10-13 01:01:00,3.435,501.5,521.0,-1.9,42.0
2017-10-13 01:02:00,3.685,504.0,522.0,-2.05,41.0
2017-10-13 01:03:00,3.6100001,503.0,525.0,-1.45,44.0
2017-10-13 01:04:00,3.56,504.0,526.5,-1.5,44.0
2017-10-13 01:05:00,4.21,490.0,507.5,-1.4,39.5
2017-10-13 01:06:00,4.75,480.0,493.5,-1.3,36.0
2017-10-13 01:07:00,4.9449997,474.5,487.0,-0.85,34.5
2017-10-13 01:08:00,4.795,474.0,486.5,-0.7,35.0
2017-10-13 01:09:00,5.6400003,471.5,482.5,-0.45,33.0
2017-10-13 01:10:00,5.145,473.5,485.5,0.0,34.0
2017-10-13 01:11:00,4.73,479.5,494.5,-0.75,37.0
2017-10-13 01:12:00,4.7749996,478.0,493.0,-0.7,37.0
2017-10-13 01:13:00,4.115,487.5,504.5,-0.35,39.5
2017-10-13 01:14:00,3.92,494.0,514.0,-0.2,41.5
2017-10-13 01:15:00,4.765,488.0,504.0,0.8,38.5
2017-10-13 01:16:00,6.395,470.5,480.0,0.65,32.0
2017-10-13 01:17:00,6.365,471.5,481.0,0.9,31.5
2017-10-13 01:18:00,6.435,470.0,479.5,0.70000005,32.0
2017-10-13 01:19:00,6.56,468.0,477.5,0.45,31.5
2017-10-13 01:20:00,6.42,468.0,478.0,0.2,32.0
2017-10-13 01:21:00,6.3900003,470.0,480.5,0.85,33.0
2017-10-13 01:22:00,6.6899996,471.5,483.0,1.45,34.5
2017-10-13 01:23:00,6.5299997,475.5,488.5,1.4,36.0
2017-10-13 01:24:00,6.795,474.5,486.0,1.7,34.0
2017-10-13 01:25:00,6.355,482.0,495.5,2.15,36.5
2017-10-13 01:26:00,6.8,473.0,485.5,1.45,34.5
2017-10-13 01:27:00,6.9,475.5,487.0,2.05,34.0
2017-10-13 01:28:00,6.865,479.5,490.5,2.2,34.0
2017-10-13 01:29:00,6.795,474.0,485.5,1.8499999,34.0
2017-10-13 01:30:00,6.7349997,476.5,488.5,1.95,34.5
2017-10-13 01:31:00,6.6450005,485.5,499.0,1.8,36.0
2017-10-13 01:32:00,6.69,473.5,486.0,1.15,35.0
2017-10-13 01:33:00,6.62,474.0,486.0,1.6,34.0
2017-10-13 01:34:00,6.0699997,474.0,486.5,-0.19999999,35.5
2017-10-13 01:35:00,6.535,474.0,484.0,1.35,32.5
2017-10-13 01:36:00,6.4300003,475.5,488.5,0.85,35.5
2017-10-13 01:37:00,6.575,499.5,519.5,1.8000001,43.0
2017-10-13 01:38:00,5.685,490.5,508.0,0.7,39.5
2017-10-13 01:39:00,5.915,478.0,491.0,-0.55,36.0
2017-10-13 01:40:00,6.5249996,482.5,496.5,-2.35,37.0
2017-10-13 01:41:00,6.48,479.5,492.5,-1.6500001,36.0
2017-10-13 01:42:00,6.365,478.5,492.0,-1.0999999,36.0
2017-10-13 01:43:00,6.395,478.0,492.0,-1.05,36.5
2017-10-13 01:44:00,6.06,480.5,494.0,-1.75,37.0
2017-10-13 01:45:00,5.68,476.5,491.5,-0.5,37.5
2017-10-13 01:46:00,5.175,478.5,494.0,-0.75,38.5
2017-10-13 01:47:00,4.885,483.5,501.0,-0.45,40.0
2017-10-13 01:48:00,4.55,490.0,510.0,-1.15,42.5
2017-10-13 01:49:00,4.32,499.0,521.0,-2.3,44.0
2017-10-13 01:50:00,5.3050003,483.0,498.0,-2.15,38.0
2017-10-13 01:51:00,5.865,476.5,490.5,-1.45,37.0
2017-10-13 01:52:00,6.435,475.0,487.5,0.2,35.5
2017-10-13 01:53:00,6.43,476.5,490.0,0.15,36.5
2017-10-13 01:54:00,6.38,480.0,494.5,1.25,37.0
2017-10-13 01:55:00,6.3450003,481.0,495.5,1.45,37.5
2017-10-13 01:56:00,6.365,481.5,496.0,1.3,37.5
2017-10-13 01:57:00,6.2650003,481.0,495.0,0.9,37.0
2017-10-13 01:58:00,5.92,503.0,521.0,1.8,41.0
2017-10-13 01:59:00,5.47,506.0,530.0,1.95,46.5
2017-10-13 02:00:00,5.86,490.5,508.0,1.95,40.0
2017-10-13 02:01:00,5.43,498.0,517.5,1.5999999,42.5
2017-10-13 02:02:00,5.285,501.0,523.0,1.9,44.5
2017-10-13 02:03:00,5.615,501.0,522.0,1.9,43.5
2017-10-13 02:04:00,5.415,499.5,521.0,1.9,43.5
2017-10-13 02:05:00,5.645,499.5,520.0,1.3499999,43.0
2017-10-13 02:06:00,5.255,503.0,525.0,2.0,44.0
2017-10-13 02:07:00,5.59,500.5,521.0,1.8,43.0
2017-10-13 02:08:00,5.885,495.5,512.5,1.8499999,40.0
2017-10-13 02:09:00,6.065,493.0,510.0,1.55,40.0
2017-10-13 02:10:00,5.375,501.5,523.5,1.95,44.0
2017-10-13 02:11:00,5.395,501.5,522.5,2.0,43.0
2017-10-13 02:12:00,5.2650003,500.5,521.0,2.2,43.5
2017-10-13 02:13:00,5.475,503.5,526.5,2.0,45.0
2017-10-13 02:14:00,5.33,522.5,542.5,2.75,42.5
2017-10-13 02:15:00,6.2650003,516.0,541.0,2.05,47.0
2017-10-13 02:16:00,6.745,511.5,536.0,2.25,46.5
2017-10-13 02:17:00,5.95,532.5,555.0,2.85,44.5
2017-10-13 02:18:00,6.0,535.0,557.5,3.0,45.0
2017-10-13 02:19:00,5.925,539.5,562.0,3.1,44.5
2017-10-13 02:20:00,5.91,533.5,555.5,2.8,44.5
2017-10-13 02:21:00,5.99,531.5,554.5,2.9,45.0
2017-10-13 02:22:00,5.95,529.0,552.5,2.65,45.5
2017-10-13 02:23:00,6.395,478.0,492.0,0.55,37.0
2017-10-13 02:24:00,5.85,477.0,491.0,-0.90000004,37.0
2017-10-13 02:25:00,5.65,478.5,493.0,-1.5,36.5
2017-10-13 02:26:00,5.58,480.5,494.5,-0.8,37.0
2017-10-13 02:27:00,5.84,476.5,490.0,-0.65,36.0
2017-10-13 02:28:00,5.485,476.0,489.5,-0.9,35.5
2017-10-13 02:29:00,5.38,476.0,488.5,-1.05,35.0
2017-10-13 02:30:00,5.06,475.5,489.0,-0.79999995,35.5
2017-10-13 02:31:00,4.87,476.5,489.5,-1.05,35.0
2017-10-13 02:32:00,5.08,475.5,488.5,-0.9,35.5
2017-10-13 02:33:00,5.48,473.5,484.5,-0.9,33.5
2017-10-13 02:34:00,5.42,473.0,483.5,-0.75,33.0
2017-10-13 02:35:00,5.6099997,474.0,484.5,-0.3,33.0
2017-10-13 02:36:00,5.67,474.5,486.5,-0.15,34.0
2017-10-13 02:37:00,5.675,475.0,486.5,-0.05,34.0
2017-10-13 02:38:00,6.085,474.0,485.5,0.5,33.5
2017-10-13 02:39:00,6.255,477.0,488.0,0.79999995,33.5
2017-10-13 02:40:00,5.97,475.0,487.0,0.6,34.5
2017-10-13 02:41:00,5.925,476.0,488.0,0.75,34.5
2017-10-13 02:42:00,5.6549997,476.5,489.0,0.7,35.0
2017-10-13 02:43:00,5.46,474.0,486.0,-0.25,34.5
2017-10-13 02:44:00,5.575,472.5,484.0,0.1,33.5
2017-10-13 02:45:00,3.5749998,490.0,507.0,-1.95,39.5
2017-10-13 02:46:00,3.32,493.0,509.5,-2.2,38.5
2017-10-13 02:47:00,3.0749998,493.0,509.0,-2.25,38.0
2017-10-13 02:48:00,3.105,493.5,510.5,-2.25,39.0
2017-10-13 02:49:00,3.23,492.5,509.0,-2.25,39.0
2017-10-13 02:50:00,3.2849998,488.5,504.0,-2.35,37.5
2017-10-13 02:51:00,3.19,489.0,505.0,-2.1,38.0
2017-10-13 02:52:00,3.625,482.0,496.5,-2.1,37.0
2017-10-13 02:53:00,3.5549998,483.0,497.0,-2.05,37.0
2017-10-13 02:54:00,3.9,477.0,489.5,-1.9,34.5
2017-10-13 02:55:00,3.855,478.0,491.0,-2.05,35.5
2017-10-13 02:56:00,3.895,479.5,493.5,-2.3000002,36.0
2017-10-13 02:57:00,4.0950003,477.0,489.5,-2.0,34.5
2017-10-13 02:58:00,4.31,473.5,484.5,-1.8,33.5
2017-10-13 02:59:00,4.21,478.0,490.5,-1.95,35.0
2017-10-13 03:00:00,3.5,491.0,506.0,-2.2,38.0
2017-10-13 03:01:00,3.4850001,495.0,512.5,-2.05,40.0
2017-10-13 03:02:00,4.035,491.5,509.0,-1.8,40.0
2017-10-13 03:03:00,4.3050003,484.0,500.0,-1.4,38.5
2017-10-13 03:04:00,5.035,476.0,489.0,-1.0,36.0
2017-10-13 03:05:00,5.1549997,475.0,488.5,-0.65000004,36.0
2017-10-13 03:06:00,4.365,488.5,505.0,-1.7,38.5
2017-10-13 03:07:00,5.105,474.5,487.5,-0.90000004,36.0
2017-10-13 03:08:00,4.465,485.5,500.5,-1.6,37.5
2017-10-13 03:09:00,4.9300003,479.0,494.0,-0.75,37.5
2017-10-13 03:10:00,5.13,479.5,494.5,-0.25,37.5
2017-10-13 03:11:00,5.385,478.5,493.0,0.0,37.0
2017-10-13 03:12:00,5.4049997,476.5,490.5,0.0,36.5
2017-10-13 03:13:00,5.215,476.0,489.0,-0.25,36.0
2017-10-13 03:14:00,5.3999996,475.5,488.5,-0.15,35.0
2017-10-13 03:15:00,5.495,473.5,486.0,0.049999997,35.5
2017-10-13 03:16:00,5.71,474.5,487.5,0.35000002,35.5
2017-10-13 03:17:00,5.56,475.5,487.0,0.4,34.5
2017-10-13 03:18:00,5.6499996,478.0,490.0,1.35,35.0
2017-10-13 03:19:00,5.925,481.5,494.5,2.05,36.0
2017-10-13 03:20:00,5.785,480.5,494.0,1.9,36.0
2017-10-13 03:21:00,5.91,480.0,492.5,2.05,35.5
2017-10-13 03:22:00,5.67,483.0,496.5,1.8499999,36.5
2017-10-13 03:23:00,5.515,491.0,507.5,1.05,39.0
2017-10-13 03:24:00,5.505,486.5,502.0,1.4000001,38.5
2017-10-13 03:25:00,5.6099997,485.0,499.5,1.4,37.5
2017-10-13 03:26:00,5.5699997,484.0,498.5,1.45,37.5
2017-10-13 03:27:00,5.48,481.0,495.0,1.25,37.0
2017-10-13 03:28:00,5.6,478.5,492.5,1.45,36.5
2017-10-13 03:29:00,5.67,482.5,497.0,1.8,37.5
2017-10-13 03:30:00,5.61,479.5,493.0,1.2,36.5
2017-10-13 03:31:00,5.385,480.0,494.0,1.1,36.5
2017-10-13 03:32:00,5.35,482.0,496.5,0.7,37.0
2017-10-13 03:33:00,5.625,478.5,492.5,0.9,36.5
2017-10-13 03:34:00,5.75,473.5,484.5,0.5,34.0
2017-10-13 03:35:00,4.12,493.0,512.0,-1.6500001,41.0
2017-10-13 03:36:00,4.545,482.5,498.0,-1.3,37.5
2017-10-13 03:37:00,4.995,475.0,489.0,-0.95,36.0
2017-10-13 03:38:00,4.8500004,478.0,492.0,-1.3499999,37.0
2017-10-13 03:39:00,4.535,484.0,499.0,-1.5999999,38.0
2017-10-13 03:40:00,4.785,476.5,490.5,-1.3499999,37.0
2017-10-13 03:41:00,4.63,478.5,493.5,-1.1,37.5
2017-10-13 03:42:00,5.3450003,472.5,484.0,-0.55,34.5
2017-10-13 03:43:00,5.825,470.5,481.0,0.35,32.5
2017-10-13 03:44:00,5.59,470.0,481.0,-0.35,32.5
2017-10-13 03:45:00,5.615,470.0,481.0,-0.15,33.0
2017-10-13 03:46:00,5.425,471.5,482.5,-0.15,33.5
2017-10-13 03:47:00,5.5299997,471.0,482.0,-0.15,33.0
2017-10-13 03:48:00,5.27,475.0,487.5,-0.3,35.0
2017-10-13 03:49:00,4.505,481.5,497.0,-1.5999999,38.0
2017-10-13 03:50:00,4.435,482.0,497.5,-1.45,38.0
2017-10-13 03:51:00,4.4700003,482.0,497.5,-1.4,38.0
2017-10-13 03:52:00,4.385,482.0,498.0,-1.45,38.5
2017-10-13 03:53:00,4.375,483.5,499.0,-1.3499999,38.5
2017-10-13 03:54:00,4.0299997,494.5,513.5,-1.85,41.0
2017-10-13 03:55:00,4.875,477.5,491.5,-0.75,36.5
2017-10-13 03:56:00,4.13,488.5,503.5,-1.5999999,38.0
2017-10-13 03:57:00,3.3200002,517.5,540.5,-1.55,44.5
2017-10-13 03:58:00,4.2,492.5,511.0,-1.5,40.5
2017-10-13 03:59:00,3.525,515.0,537.5,-2.4499998,44.5
2017-10-13 04:00:00,3.92,509.5,531.0,-2.6,44.0
2017-10-13 04:01:00,3.6599998,513.0,535.0,-2.1,44.0
2017-10-13 04:02:00,3.845,512.0,532.5,-2.1999998,42.5
2017-10-13 04:03:00,3.755,501.0,521.0,-2.0,42.0
2017-10-13 04:04:00,4.08,499.5,518.5,-1.3,41.5
2017-10-13 04:05:00,4.1549997,481.5,496.5,-0.75,37.5
2017-10-13 04:06:00,4.3900003,479.0,492.5,-0.55,36.0
2017-10-13 04:07:00,4.25,484.5,499.5,-1.2,37.5
2017-10-13 04:08:00,4.175,483.5,498.0,-1.35,37.5
2017-10-13 04:09:00,4.36,478.0,492.0,-1.1,37.0
2017-10-13 04:10:00,4.26,481.5,497.0,-1.3,37.5
2017-10-13 04:11:00,4.81,474.0,486.5,-0.39999998,34.5
2017-10-13 04:12:00,4.215,493.5,511.0,-1.8,40.0
2017-10-13 04:13:00,3.83,493.5,511.0,-2.05,40.0
2017-10-13 04:14:00,4.06,489.5,505.5,-1.8499999,38.5
2017-10-13 04:15:00,3.6100001,502.0,521.0,-2.1,41.5
2017-10-13 04:16:00,3.59,506.5,530.0,-2.1,45.0
2017-10-13 04:17:00,3.29,512.0,536.5,-1.8,45.5
2017-10-13 04:18:00,3.225,512.0,535.5,-2.15,45.0
2017-10-13 04:19:00,3.52,503.0,522.0,-2.0,41.5
2017-10-13 04:20:00,3.53,500.5,519.0,-1.8,41.0
2017-10-13 04:21:00,3.605,497.5,515.5,-1.7,40.5
2017-10-13 04:22:00,3.895,486.0,502.0,-1.2,38.0
2017-10-13 04:23:00,3.71,498.0,516.0,-1.15,40.5
2017-10-13 04:24:00,4.065,485.5,501.0,-1.0,38.0
2017-10-13 04:25:00,4.085,489.0,505.5,-1.1,39.0
2017-10-13 04:26:00,3.77,494.0,512.5,-1.25,40.5
2017-10-13 04:27:00,4.15,505.0,527.5,-1.6500001,45.0
2017-10-13 04:28:00,4.16,503.0,524.5,-1.25,43.5
2017-10-13 04:29:00,4.255,495.0,514.0,-0.85,41.0
2017-10-13 04:30:00,4.1800003,495.0,513.5,-1.15,41.0
2017-10-13 04:31:00,4.41,496.0,513.5,-1.2,40.5
2017-10-13 04:32:00,4.42,497.5,517.0,-1.3499999,41.5
2017-10-13 04:33:00,4.255,492.0,509.5,-1.25,39.5
2017-10-13 04:34:00,4.2749996,493.5,511.5,-0.8,40.5
2017-10-13 04:35:00,4.595,486.0,502.0,-0.4,38.5
2017-10-13 04:36:00,4.13,496.0,514.0,-0.39999998,40.5
2017-10-13 04:37:00,4.085,496.0,515.0,-0.45000002,41.0
2017-10-13 04:38:00,4.545,488.5,505.5,-0.6,39.0
2017-10-13 04:39:00,5.27,475.0,488.5,0.049999997,36.0
2017-10-13 04:40:00,5.29,474.0,487.0,-0.15,36.0
2017-10-13 04:41:00,5.1099997,474.0,488.0,-0.25,36.5
2017-10-13 04:42:00,5.06,474.0,487.0,-0.4,36.0
2017-10-13 04:43:00,5.28,474.0,487.0,-0.05,36.0
2017-10-13 04:44:00,5.24,477.5,491.5,0.049999997,36.5
2017-10-13 04:45:00,5.27,476.5,490.5,0.25,36.5
2017-10-13 04:46:00,5.2349997,476.0,490.0,0.15,37.0
2017-10-13 04:47:00,4.34,489.5,507.5,-0.3,40.5
2017-10-13 04:48:00,3.915,493.5,512.0,-0.65,41.0
2017-10-13 04:49:00,4.07,495.0,513.0,-0.70000005,40.5
2017-10-13 04:50:00,4.34,487.0,504.0,-0.85,39.0
2017-10-13 04:51:00,4.2799997,486.0,503.0,-0.7,39.0
2017-10-13 04:52:00,4.325,486.5,503.5,-0.7,39.0
2017-10-13 04:53:00,4.08,492.5,510.0,-0.70000005,40.0
2017-10-13 04:54:00,4.015,497.5,517.0,-0.8,42.0
2017-10-13 04:55:00,4.1949997,497.0,515.5,-0.95,40.5
2017-10-13 04:56:00,3.99,502.0,523.0,-1.0,43.0
2017-10-13 04:57:00,3.94,498.0,518.0,-0.9,42.0
2017-10-13 04:58:00,4.325,487.0,503.5,-0.65,39.0
2017-10-13 04:59:00,4.29,490.5,507.5,-0.75,39.5
2017-10-13 05:00:00,4.33,489.5,507.0,-0.85,40.0
2017-10-13 05:01:00,4.24,493.0,511.5,-1.15,41.0
2017-10-13 05:02:00,3.9850001,493.5,511.5,-1.45,41.0
2017-10-13 05:03:00,4.08,492.5,511.0,-1.25,40.5
2017-10-13 05:04:00,4.0950003,494.0,513.0,-1.4000001,41.0
2017-10-13 05:05:00,3.775,502.0,524.5,-1.55,44.5
2017-10-13 05:06:00,3.9700003,497.0,516.0,-1.55,42.0
2017-10-13 05:07:00,4.06,501.0,521.5,-1.8,43.0
2017-10-13 05:08:00,4.105,502.5,523.0,-2.0,43.0
2017-10-13 05:09:00,4.09,497.5,517.5,-1.65,42.5
2017-10-13 05:10:00,3.855,505.0,528.0,-1.6500001,44.5
2017-10-13 05:11:00,3.97,505.5,529.0,-1.9000001,45.0
2017-10-13 05:12:00,3.67,504.5,527.5,-1.6500001,45.0
2017-10-13 05:13:00,3.7150002,505.5,528.0,-1.6,44.5
2017-10-13 05:14:00,3.915,503.0,524.5,-1.5,43.5
2017-10-13 05:15:00,3.78,500.0,521.0,-1.5,43.0
2017-10-13 05:16:00,4.7,483.0,497.5,0.45000002,37.5
2017-10-13 05:17:00,4.87,481.0,495.0,0.6,37.0
2017-10-13 05:18:00,4.485,488.0,504.5,0.35000002,38.5
2017-10-13 05:19:00,3.855,490.5,508.0,-0.8,39.5
2017-10-13 05:20:00,3.705,499.5,519.0,-0.85,42.0
2017-10-13 05:21:00,3.9450002,497.0,515.5,-0.65,41.0
2017-10-13 05:22:00,4.0,492.5,510.5,-0.9,40.5
2017-10-13 05:23:00,4.135,499.0,520.5,-0.95000005,44.0
2017-10-13 05:24:00,4.1800003,499.5,521.5,-0.95,44.0
2017-10-13 05:25:00,4.14,502.5,525.0,-1.35,45.0
2017-10-13 05:26:00,4.2200003,505.0,529.5,-1.5,46.5
2017-10-13 05:27:00,4.2,506.0,529.5,-1.1,45.5
2017-10-13 05:28:00,4.21,508.5,532.5,-1.2,46.5
2017-10-13 05:29:00,4.46,490.5,509.5,-0.4,41.5
2017-10-13 05:30:00,4.7200003,498.5,519.5,-0.35000002,43.0
2017-10-13 05:31:00,4.605,500.0,520.5,-0.2,43.0
2017-10-13 05:32:00,4.535,500.5,522.5,-0.45000002,44.0
2017-10-13 05:33:00,4.45,501.0,523.5,-1.05,44.5
2017-10-13 05:34:00,4.46,502.0,525.0,-1.1,45.0
2017-10-13 05:35:00,4.325,503.5,527.0,-1.5,45.5
2017-10-13 05:36:00,4.31,503.5,527.5,-1.1500001,46.0
2017-10-13 05:37:00,4.31,504.0,528.0,-1.55,46.0
2017-10-13 05:38:00,4.315,506.0,530.0,-0.95000005,46.0
2017-10-13 05:39:00,4.535,504.0,528.0,-1.5,46.0
2017-10-13 05:40:00,4.415,505.0,529.0,-1.6,46.0
2017-10-13 05:41:00,4.45,504.0,528.5,-1.7,45.5
2017-10-13 05:42:00,4.395,502.5,526.0,-1.2,45.0
2017-10-13 05:43:00,4.295,505.0,529.0,-1.4,46.0
2017-10-13 05:44:00,4.4399996,503.0,525.5,-1.3,45.0
2017-10-13 05:45:00,4.585,503.0,526.5,-1.9,45.5
2017-10-13 05:46:00,4.415,504.5,529.0,-1.0,45.5
2017-10-13 05:47:00,4.41,505.0,529.0,-1.6500001,46.0
2017-10-13 05:48:00,4.5,504.5,529.0,-1.45,46.0
2017-10-13 05:49:00,4.5699997,504.0,527.5,-1.65,45.0
2017-10-13 05:50:00,4.4300003,506.0,530.5,-0.95000005,46.5
2017-10-13 05:51:00,4.645,503.0,526.0,-1.4,45.0
2017-10-13 05:52:00,4.49,502.0,524.0,-1.45,44.0
2017-10-13 05:53:00,4.2799997,507.0,530.0,-0.9,45.5
2017-10-13 05:54:00,4.445,506.5,530.0,-0.84999996,46.0
2017-10-13 05:55:00,4.4700003,504.0,527.0,-0.75,45.0
2017-10-13 05:56:00,4.37,504.5,528.0,-1.35,45.5
2017-10-13 05:57:00,4.515,503.0,524.0,-1.0,44.0
2017-10-13 05:58:00,4.51,501.5,523.0,-0.75,43.5
2017-10-13 05:59:00,4.5,503.5,525.5,-0.9,44.0
2017-10-13 06:00:00,4.415,503.5,524.0,-1.15,43.5
2017-10-13 06:01:00,4.46,504.5,528.5,-1.5,46.0
2017-10-13 06:02:00,5.02,499.0,519.5,-0.90000004,43.5
2017-10-13 06:03:00,4.525,501.0,523.5,-0.95,44.5
2017-10-13 06:04:00,4.745,500.0,522.0,-1.15,44.5
2017-10-13 06:05:00,4.635,499.5,521.5,48.85,44.0
2017-10-13 06:06:00,4.865,498.0,518.5,-1.25,43.5
2017-10-13 06:07:00,4.785,499.5,521.0,-1.2,44.0
2017-10-13 06:08:00,4.7650003,500.0,521.0,-0.55,44.0
2017-10-13 06:09:00,4.995,496.0,516.0,-0.85,42.5
2017-10-13 06:10:00,4.995,495.0,514.5,-0.95,42.0
2017-10-13 06:11:00,4.725,500.0,521.5,-1.1,44.0
2017-10-13 06:12:00,4.825,501.0,522.5,-1.35,43.5
2017-10-13 06:13:00,5.1099997,498.0,518.5,-1.2,43.0
2017-10-13 06:14:00,4.905,501.5,522.5,-1.3,43.5
2017-10-13 06:15:00,4.95,501.0,523.0,-1.5,44.0
2017-10-13 06:16:00,5.05,500.0,521.0,-1.3,44.0
2017-10-13 06:17:00,4.865,499.5,520.5,-1.05,44.0
2017-10-13 06:18:00,4.935,499.5,519.5,-1.25,43.0
2017-10-13 06:19:00,5.04,500.0,521.0,-1.45,43.5
2017-10-13 06:20:00,5.13,500.0,521.0,-1.3499999,43.0
2017-10-13 06:21:00,5.26,500.0,520.5,-1.45,43.0
2017-10-13 06:22:00,5.32,497.0,516.5,-1.15,41.5
2017-10-13 06:23:00,5.295,502.0,523.0,-1.55,43.5
2017-10-13 06:24:00,5.2,502.0,523.0,-1.4,44.0
2017-10-13 06:25:00,5.21,502.0,523.0,-1.3,44.0
2017-10-13 06:26:00,5.185,501.5,522.5,-1.05,43.5
2017-10-13 06:27:00,5.04,500.5,521.5,-1.3,43.5
2017-10-13 06:28:00,5.17,500.5,521.0,-1.25,43.0
2017-10-13 06:29:00,5.25,501.0,520.5,-1.3,42.5
2017-10-13 06:30:00,5.3900003,496.5,514.5,-0.85,41.0
2017-10-13 06:31:00,5.58,501.0,520.0,-1.2,41.0
2017-10-13 06:32:00,5.42,501.0,519.0,0.6,41.0
2017-10-13 06:33:00,5.425,496.0,514.5,0.050000004,41.5
2017-10-13 06:34:00,5.3450003,499.0,518.0,-0.45,42.0
2017-10-13 06:35:00,5.4049997,501.0,520.5,-0.5,42.5
2017-10-13 06:36:00,5.4,499.5,519.0,-0.6,42.5
2017-10-13 06:37:00,5.3050003,499.0,518.5,-0.65,42.5
2017-10-13 06:38:00,5.24,494.5,513.5,-0.45,41.5
2017-10-13 06:39:00,5.1800003,494.0,512.0,-0.5,40.5
2017-10-13 06:40:00,5.085,495.5,514.0,-0.65,41.0
2017-10-13 06:41:00,5.5550003,489.5,504.5,0.15,38.0
2017-10-13 06:42:00,5.4449997,497.5,514.5,-0.4,40.0
2017-10-13 06:43:00,5.665,503.5,524.0,-0.5,43.5
2017-10-13 06:44:00,5.525,502.0,523.5,-0.55,43.5
2017-10-13 06:45:00,5.57,503.0,523.5,-0.5,43.5
2017-10-13 06:46:00,5.73,503.0,524.0,-0.25,44.0
2017-10-13 06:47:00,5.77,502.0,521.5,-0.1,42.5
2017-10-13 06:48:00,5.73,503.0,524.0,-0.15,44.0
2017-10-13 06:49:00,5.895,504.5,526.0,-0.25,43.5
2017-10-13 06:50:00,6.02,505.5,527.0,-0.1,44.0
2017-10-13 06:51:00,6.09,505.0,526.0,0.15,44.0
2017-10-13 06:52:00,6.205,505.5,526.0,0.3,43.0
2017-10-13 06:53:00,6.3050003,505.5,527.0,0.25,44.5
2017-10-13 06:54:00,6.585,505.5,527.5,0.5,44.5
2017-10-13 06:55:00,6.62,506.0,528.0,0.55,44.0
2017-10-13 06:56:00,6.9449997,508.5,529.5,1.25,44.0
2017-10-13 06:57:00,6.76,507.0,527.0,0.7,43.0
2017-10-13 06:58:00,6.705,506.0,526.5,0.4,43.5
2017-10-13 06:59:00,6.6800003,505.5,526.5,0.35000002,43.0
2017-10-13 07:00:00,6.6549997,506.0,527.0,0.1,43.5
2017-10-13 07:01:00,6.59,506.0,527.5,0.3,44.0
2017-10-13 07:02:00,6.59,506.0,527.0,-0.05,44.0
2017-10-13 07:03:00,6.6099997,506.0,528.5,0.2,45.0
2017-10-13 07:04:00,6.6899996,506.5,528.0,0.35,44.0
2017-10-13 07:05:00,6.685,506.5,528.5,-0.25,44.5
2017-10-13 07:06:00,6.6949997,507.0,529.0,-0.5,45.0
2017-10-13 07:07:00,6.59,507.5,530.5,-0.6,45.0
2017-10-13 07:08:00,6.43,506.0,528.0,-0.5,45.0
2017-10-13 07:09:00,6.855,507.0,527.5,0.15,44.0
2017-10-13 07:10:00,6.7650003,506.0,527.5,0.1,44.5
2017-10-13 07:11:00,6.985,506.0,527.5,0.15,44.0
2017-10-13 07:12:00,6.775,506.0,526.5,0.3,44.0
2017-10-13 07:13:00,6.94,506.0,526.0,0.25,43.0
2017-10-13 07:14:00,6.995,506.0,527.0,0.35000002,43.5
2017-10-13 07:15:00,6.925,509.0,531.5,0.25,45.0
2017-10-13 07:16:00,6.9300003,510.0,532.5,0.35,45.0
2017-10-13 07:17:00,6.8999996,511.0,534.0,0.25,45.0
2017-10-13 07:18:00,6.9300003,510.0,532.5,0.15,45.5
2017-10-13 07:19:00,6.865,508.5,531.0,0.05,45.0
2017-10-13 07:20:00,6.6949997,507.5,530.5,0.0,45.0
2017-10-13 07:21:00,6.8,506.5,529.0,-0.15,45.0
2017-10-13 07:22:00,7.23,506.0,527.0,-0.25,43.5
2017-10-13 07:23:00,6.89,506.0,527.5,0.0,44.5
2017-10-13 07:24:00,6.8149996,506.5,528.0,0.35,44.5
2017-10-13 07:25:00,6.615,507.5,530.5,0.4,45.0
2017-10-13 07:26:00,5.81,520.0,543.0,0.3,45.0
2017-10-13 07:27:00,5.7799997,523.5,544.0,0.35000002,43.5
2017-10-13 07:28:00,6.2200003,520.0,541.5,0.4,44.5
2017-10-13 07:29:00,6.71,516.0,538.5,0.85,45.0
2017-10-13 07:30:00,6.4449997,517.5,540.0,0.9,45.0
2017-10-13 07:31:00,6.61,511.0,534.0,0.6,46.0
2017-10-13 07:32:00,6.9849997,519.0,541.5,1.35,45.0
2017-10-13 07:33:00,6.3100004,513.0,536.0,0.45,45.5
2017-10-13 07:34:00,6.39,512.5,535.0,0.45,45.0
2017-10-13 07:35:00,6.25,514.0,536.5,-0.25,45.0
2017-10-13 07:36:00,6.8199997,507.5,529.5,0.3,45.0
2017-10-13 07:37:00,6.635,507.5,530.5,0.3,45.0
2017-10-13 07:38:00,6.79,506.5,528.5,0.25,45.0
2017-10-13 07:39:00,6.83,506.5,528.0,0.3,44.5
2017-10-13 07:40:00,7.0649996,506.5,528.5,0.5,45.0
2017-10-13 07:41:00,6.745,506.5,528.5,-0.25,44.5
2017-10-13 07:42:00,6.86,506.0,527.5,0.2,44.5
2017-10-13 07:43:00,6.7200003,505.5,526.5,0.25,43.5
2017-10-13 07:44:00,6.835,506.5,526.0,0.4,42.5
2017-10-13 07:45:00,6.51,506.0,525.5,0.0,42.5
2017-10-13 07:46:00,6.3950005,505.5,526.5,0.2,43.0
2017-10-13 07:47:00,6.73,506.0,526.0,0.2,43.0
2017-10-13 07:48:00,6.9449997,505.0,525.0,0.1,43.0
2017-10-13 07:49:00,6.7349997,505.0,525.0,0.15,43.0
2017-10-13 07:50:00,6.8450003,504.5,525.0,0.15,43.0
2017-10-13 07:51:00,6.965,504.5,525.5,0.25,43.0
2017-10-13 07:52:00,6.59,507.0,528.5,0.6,44.5
2017-10-13 07:53:00,7.05,506.0,526.0,0.35000002,43.0
2017-10-13 07:54:00,7.1549997,506.0,525.5,0.5,43.0
2017-10-13 07:55:00,7.045,506.5,526.5,0.55,43.5
2017-10-13 07:56:00,6.765,506.0,527.0,0.85,44.5
2017-10-13 07:57:00,6.725,507.0,528.5,1.25,44.5
2017-10-13 07:58:00,7.02,509.0,531.5,1.25,45.0
2017-10-13 07:59:00,6.825,508.0,529.5,1.55,44.0
2017-10-13 08:00:00,6.6949997,509.0,530.5,1.6500001,44.5
2017-10-13 08:01:00,6.7749996,511.0,532.5,1.6500001,44.5
2017-10-13 08:02:00,6.825,515.5,537.0,1.5999999,44.0
2017-10-13 08:03:00,6.585,517.0,538.5,1.45,44.0
2017-10-13 08:04:00,6.355,523.0,543.5,1.5,43.0
2017-10-13 08:05:00,6.175,524.5,545.0,1.5,42.5
2017-10-13 08:06:00,6.1549997,526.0,546.5,1.4,43.0
2017-10-13 08:07:00,6.02,529.0,548.0,1.55,41.5
2017-10-13 08:08:00,6.205,527.5,547.5,1.5,43.0
2017-10-13 08:09:00,5.94,534.5,553.0,1.15,41.5
2017-10-13 08:10:00,5.6,541.5,558.0,0.9,40.0
2017-10-13 08:11:00,5.6000004,544.0,560.0,1.1,39.5
2017-10-13 08:12:00,5.535,547.0,563.0,0.95000005,38.5
2017-10-13 08:13:00,4.9350004,540.5,556.5,0.8,39.0
2017-10-13 08:14:00,5.725,525.0,546.0,1.8499999,43.0
2017-10-13 08:15:00,6.41,512.0,536.0,1.55,46.0
2017-10-13 08:16:00,6.3100004,520.0,544.5,1.8,46.5
2017-10-13 08:17:00,6.3500004,529.0,551.0,2.15,44.5
2017-10-13 08:18:00,6.01,533.0,554.0,2.05,43.0
2017-10-13 08:19:00,6.135,525.5,548.5,-0.3,45.5
2017-10-13 08:20:00,5.555,519.5,544.5,-0.55,47.0
2017-10-13 08:21:00,5.675,523.0,547.0,-1.3499999,46.5
2017-10-13 08:22:00,5.77,522.5,546.5,-1.25,47.0
2017-10-13 08:23:00,6.55,521.5,546.5,-1.3,47.0
2017-10-13 08:24:00,6.8900003,518.5,543.0,-1.3499999,47.0
2017-10-13 08:25:00,6.5,522.5,546.5,-1.05,47.0
2017-10-13 08:26:00,6.3,530.0,554.0,-0.75,46.0
2017-10-13 08:27:00,6.255,534.0,557.0,-0.65,46.0
2017-10-13 08:28:00,6.045,537.5,560.5,-0.35,45.0
2017-10-13 08:29:00,5.985,536.0,559.0,-0.3,45.0
2017-10-13 08:30:00,5.965,537.0,560.0,-1.05,45.5
2017-10-13 08:31:00,6.215,532.5,556.0,-0.3,45.5
2017-10-13 08:32:00,5.5699997,537.5,560.5,-0.65,45.5
2017-10-13 08:33:00,4.835,539.0,562.0,-0.45,45.5
2017-10-13 08:34:00,5.5,539.0,562.0,-1.4,45.5
2017-10-13 08:35:00,4.76,540.0,564.0,-1.2,46.0
2017-10-13 08:36:00,3.89,546.5,569.0,-0.70000005,44.0
2017-10-13 08:37:00,4.76,543.5,565.0,-0.6,44.0
2017-10-13 08:38:00,6.02,541.5,562.5,0.15,43.0
2017-10-13 08:39:00,4.88,549.5,571.0,-0.9,44.0
2017-10-13 08:40:00,4.58,554.5,576.5,-0.85,44.0
2017-10-13 08:41:00,4.52,552.5,574.5,-0.5,44.0
2017-10-13 08:42:00,4.6,555.5,577.0,-0.7,44.0
2017-10-13 08:43:00,4.755,554.5,576.5,-0.95,44.0
2017-10-13 08:44:00,4.68,551.0,573.0,-0.9,44.0
2017-10-13 08:45:00,4.63,550.5,572.0,-0.9,44.0
2017-10-13 08:46:00,4.46,549.5,571.0,-0.8,44.0
2017-10-13 08:47:00,4.54,551.5,573.5,-0.75,44.0
2017-10-13 08:48:00,4.545,552.5,574.5,-0.55,44.0
2017-10-13 08:49:00,4.225,559.5,582.0,-1.05,44.5
2017-10-13 08:50:00,4.48,550.5,572.0,-0.65,44.0
2017-10-13 08:51:00,4.605,548.5,570.5,-0.25,44.0
2017-10-13 08:52:00,4.5150003,548.0,569.0,-0.05,44.0
2017-10-13 08:53:00,4.29,546.5,567.5,0.05,44.0
2017-10-13 08:54:00,4.145,551.0,572.0,-0.099999994,43.0
2017-10-13 08:55:00,4.13,551.0,572.0,-0.05,43.5
2017-10-13 08:56:00,4.125,550.0,571.0,0.35000002,43.5
2017-10-13 08:57:00,4.12,550.0,571.5,0.35000002,43.5
2017-10-13 08:58:00,4.2250004,547.5,568.5,0.2,43.5
2017-10-13 08:59:00,4.2799997,552.0,572.5,0.2,42.5
2017-10-13 09:00:00,4.4,545.5,566.5,0.4,43.5
2017-10-13 09:01:00,4.65,542.0,563.5,0.6,43.5
2017-10-13 09:02:00,4.52,544.0,565.5,0.45000002,43.5
2017-10-13 09:03:00,4.465,546.0,567.0,0.35000002,44.0
2017-10-13 09:04:00,4.3050003,550.0,571.5,0.35000002,43.0
2017-10-13 09:05:00,4.13,547.0,569.5,-0.05,44.5
2017-10-13 09:06:00,4.1400003,551.0,572.5,0.2,44.0
2017-10-13 09:07:00,6.0950003,555.0,575.0,-1.1,43.0
2017-10-13 09:08:00,5.545,551.5,572.5,-1.0,43.5
2017-10-13 09:09:00,6.25,556.5,577.0,-1.3,43.5
2017-10-13 09:10:00,6.245,558.0,577.0,-1.1,42.0
2017-10-13 09:11:00,5.77,558.5,578.5,-1.15,42.5
2017-10-13 09:12:00,5.87,561.5,581.5,-0.95,42.5
2017-10-13 09:13:00,6.21,538.5,560.5,-0.79999995,45.0
2017-10-13 09:14:00,6.105,533.5,556.5,-1.2,45.5
2017-10-13 09:15:00,5.705,534.0,557.5,-1.8,46.0
2017-10-13 09:16:00,5.58,532.5,555.5,-1.45,45.5
2017-10-13 09:17:00,5.245,535.5,558.0,-1.5,45.5
2017-10-13 09:18:00,5.7349997,536.0,558.5,-1.55,45.0
2017-10-13 09:19:00,5.4750004,540.0,563.0,-1.1,45.0
2017-10-13 09:20:00,5.0699997,526.5,551.0,-0.9,46.0
2017-10-13 09:21:00,5.075,513.5,538.5,-0.6,47.0
2017-10-13 09:22:00,4.98,511.0,535.5,-0.15,46.5
2017-10-13 09:23:00,4.855,517.5,541.5,0.3,46.5
2017-10-13 09:24:00,4.95,516.5,541.0,0.25,47.0
2017-10-13 09:25:00,5.02,514.0,538.5,0.4,47.0
2017-10-13 09:26:00,5.24,513.0,538.0,0.6,47.0
2017-10-13 09:27:00,5.49,511.5,536.5,0.75,47.0
2017-10-13 09:28:00,5.5299997,515.0,539.0,0.79999995,47.0
2017-10-13 09:29:00,5.63,521.5,545.5,1.1,46.0
2017-10-13 09:30:00,5.385,519.5,543.5,1.05,46.0
2017-10-13 09:31:00,5.37,524.0,547.5,1.1,46.0
2017-10-13 09:32:00,4.99,512.0,537.0,-0.05,47.0
2017-10-13 09:33:00,4.505,519.5,544.5,-0.05,47.0
2017-10-13 09:34:00,4.45,522.0,546.0,0.3,46.5
2017-10-13 09:35:00,4.325,526.0,549.5,0.6,46.0
2017-10-13 09:36:00,4.335,524.0,548.0,0.1,46.0
2017-10-13 09:37:00,4.4049997,526.0,549.0,0.25,45.5
2017-10-13 09:38:00,4.475,530.5,554.0,0.65,45.5
2017-10-13 09:39:00,4.33,526.5,550.5,0.55,45.5
2017-10-13 09:40:00,4.415,530.0,553.0,0.75,45.0
2017-10-13 09:41:00,4.49,530.5,553.0,0.85,45.0
2017-10-13 09:42:00,4.6400003,531.5,553.5,1.35,44.0
2017-10-13 09:43:00,4.145,533.0,555.5,0.8,45.0
2017-10-13 09:44:00,4.635,533.5,555.5,1.5,44.5
2017-10-13 09:45:00,4.33,528.5,553.0,0.65,46.0
2017-10-13 09:46:00,5.005,534.0,555.0,1.65,44.0
2017-10-13 09:47:00,5.585,532.0,554.5,1.75,45.0
2017-10-13 09:48:00,5.1099997,536.0,558.0,1.45,44.5
2017-10-13 09:49:00,5.1800003,534.0,555.5,1.55,44.5
2017-10-13 09:50:00,4.76,520.0,543.0,0.4,45.0
2017-10-13 09:51:00,4.5,531.0,551.0,0.70000005,43.0
2017-10-13 09:52:00,4.635,531.0,552.0,0.75,43.5
2017-10-13 09:53:00,4.6549997,530.5,551.5,0.65,44.0
2017-10-13 09:54:00,4.94,530.0,551.5,1.1,44.5
2017-10-13 09:55:00,5.215,528.5,550.5,1.45,44.5
2017-10-13 09:56:00,4.985,529.5,552.0,1.6500001,44.5
2017-10-13 09:57:00,5.085,527.0,550.0,1.45,45.0
2017-10-13 09:58:00,5.09,531.0,552.5,1.3499999,44.0
2017-10-13 09:59:00,5.275,527.5,549.5,1.2,44.5
2017-10-13 10:00:00,5.23,525.5,548.0,1.25,45.0
2017-10-13 10:01:00,4.765,531.0,552.0,1.05,43.5
2017-10-13 10:02:00,4.5950003,534.5,555.5,1.0,43.5
2017-10-13 10:03:00,4.565,539.0,561.5,0.9,44.5
2017-10-13 10:04:00,4.66,537.5,559.5,0.9,44.0
2017-10-13 10:05:00,4.665,535.0,556.5,0.95,44.0
2017-10-13 10:06:00,4.7799997,532.0,554.0,0.95,44.5
2017-10-13 10:07:00,4.635,533.5,556.0,1.1500001,45.0
2017-10-13 10:08:00,4.605,534.0,556.0,1.4,44.0
2017-10-13 10:09:00,4.5550003,536.0,559.0,1.3,45.0
2017-10-13 10:10:00,5.04,531.5,554.0,1.3,44.5
2017-10-13 10:11:00,4.84,534.5,556.5,1.25,44.0
2017-10-13 10:12:00,4.88,533.5,555.5,1.3,44.0
2017-10-13 10:13:00,5.065,532.5,554.5,1.3499999,45.0
2017-10-13 10:14:00,4.54,540.5,562.0,1.2,43.5
2017-10-13 10:15:00,4.805,537.5,558.5,1.3499999,44.0
2017-10-13 10:16:00,4.495,540.0,562.0,1.4,44.0
2017-10-13 10:17:00,5.0950003,531.5,553.5,1.55,44.5
2017-10-13 10:18:00,5.035,530.5,553.0,1.45,44.5
2017-10-13 10:19:00,4.94,529.0,551.5,1.45,44.5
2017-10-13 10:20:00,4.545,534.0,556.5,1.5,44.5
2017-10-13 10:21:00,3.7849998,546.0,567.5,1.3,44.0
2017-10-13 10:22:00,3.655,550.0,571.5,1.3,44.0
2017-10-13 10:23:00,3.74,547.5,569.0,1.45,43.5
2017-10-13 10:24:00,3.915,545.0,566.0,1.8,43.5
2017-10-13 10:25:00,3.6100001,547.0,568.5,1.7,44.0
2017-10-13 10:26:00,4.63,533.5,555.5,1.8499999,45.0
2017-10-13 10:27:00,3.87,542.5,564.0,1.55,44.0
2017-10-13 10:28:00,5.3199997,530.0,552.5,2.05,44.5
2017-10-13 10:29:00,5.035,543.5,564.5,2.1999998,43.5
2017-10-13 10:30:00,3.95,555.5,577.0,1.5999999,43.5
2017-10-13 10:31:00,3.915,555.5,577.0,1.1500001,43.5
2017-10-13 10:32:00,4.26,557.0,578.5,1.4,43.5
2017-10-13 10:33:00,3.855,550.0,572.0,1.2,44.0
2017-10-13 10:34:00,3.795,552.0,573.5,1.3499999,44.0
2017-10-13 10:35:00,4.055,552.0,574.0,1.4,44.0
2017-10-13 10:36:00,3.95,556.0,577.5,1.25,44.0
2017-10-13 10:37:00,4.025,553.0,574.5,1.45,43.5
2017-10-13 10:38:00,4.2200003,559.5,580.0,1.95,43.0
2017-10-13 10:39:00,4.0950003,561.0,583.5,1.9,44.5
2017-10-13 10:40:00,4.1,557.0,578.5,1.6500001,44.0
2017-10-13 10:41:00,3.98,556.5,578.5,1.6,44.0
2017-10-13 10:42:00,3.975,556.5,578.5,1.7,44.0
2017-10-13 10:43:00,4.11,553.5,575.5,1.55,44.0
2017-10-13 10:44:00,4.075,555.0,576.5,1.65,44.0
2017-10-13 10:45:00,3.93,559.5,579.0,1.55,42.0
2017-10-13 10:46:00,3.815,559.5,581.5,1.45,44.0
2017-10-13 10:47:00,4.035,557.5,579.5,1.55,44.0
2017-10-13 10:48:00,3.96,560.0,581.0,1.4000001,43.0
2017-10-13 10:49:00,4.0,557.5,579.0,1.3,44.0
2017-10-13 10:50:00,4.125,557.5,579.0,1.1,44.0
2017-10-13 10:51:00,3.875,560.0,582.5,1.0999999,44.5
2017-10-13 10:52:00,4.0,556.0,578.0,1.5,44.5
2017-10-13 10:53:00,4.735,535.5,557.5,1.65,44.5
2017-10-13 10:54:00,5.0249996,527.5,549.5,2.0,44.5
2017-10-13 10:55:00,5.1949997,527.5,550.0,2.05,44.0
2017-10-13 10:56:00,4.82,536.5,560.0,1.55,45.5
2017-10-13 10:57:00,4.67,542.0,566.0,1.55,46.0
2017-10-13 10:58:00,4.67,543.5,567.0,1.75,45.5
2017-10-13 10:59:00,4.35,539.5,562.0,1.3499999,45.0
2017-10-13 11:00:00,4.25,536.0,559.0,1.3,45.0
2017-10-13 11:01:00,4.7749996,530.0,552.5,1.6,44.5
2017-10-13 11:02:00,4.295,540.0,562.0,1.25,44.5
2017-10-13 11:03:00,4.0950003,550.0,572.5,1.3499999,44.0
2017-10-13 11:04:00,3.915,551.5,573.5,1.1500001,44.0
2017-10-13 11:05:00,3.97,560.0,583.0,0.70000005,45.0
2017-10-13 11:06:00,4.715,557.5,575.5,1.0,41.0
2017-10-13 11:07:00,4.0,562.0,583.5,0.8,44.0
2017-10-13 11:08:00,4.04,560.0,582.0,0.79999995,44.5
2017-10-13 11:09:00,4.04,557.0,579.0,1.05,44.5
2017-10-13 11:10:00,4.3450003,561.5,584.5,0.5,45.0
2017-10-13 11:11:00,4.1899996,564.5,588.5,0.79999995,45.5
2017-10-13 11:12:00,4.215,565.0,588.5,0.85,46.0
2017-10-13 11:13:00,4.275,565.5,590.0,0.7,46.0
2017-10-13 11:14:00,4.27,565.0,589.0,0.65,45.5
2017-10-13 11:15:00,4.3900003,563.5,586.5,0.75,45.5
2017-10-13 11:16:00,4.825,567.5,590.5,1.25,45.0
2017-10-13 11:17:00,4.975,567.5,591.0,1.5,45.5
2017-10-13 11:18:00,5.09,565.5,589.0,1.0,45.5
2017-10-13 11:19:00,5.04,565.5,589.0,1.0,46.0
2017-10-13 11:20:00,4.715,568.0,592.5,0.85,46.5
2017-10-13 11:21:00,4.68,567.5,592.0,0.65,46.5
2017-10-13 11:22:00,4.76,567.0,591.0,0.55,46.0
2017-10-13 11:23:00,4.895,565.5,589.5,0.45,46.0
2017-10-13 11:24:00,4.8100004,564.0,587.5,-0.15,45.5
2017-10-13 11:25:00,4.635,562.5,585.5,0.4,45.0
2017-10-13 11:26:00,4.55,557.0,579.5,-0.2,44.5
2017-10-13 11:27:00,4.435,559.0,581.0,-0.25,44.5
2017-10-13 11:28:00,4.4049997,557.5,579.5,-0.2,44.5
2017-10-13 11:29:00,4.3050003,559.0,581.5,-0.8,44.5
2017-10-13 11:30:00,4.235,564.5,588.0,-0.15,45.5
2017-10-13 11:31:00,4.17,565.5,589.5,-0.05,46.0
2017-10-13 11:32:00,4.08,564.5,588.0,-0.25,45.5
2017-10-13 11:33:00,4.12,563.5,587.5,-0.25,46.0
2017-10-13 11:34:00,4.355,557.0,580.0,0.15,44.5
2017-10-13 11:35:00,6.1899996,574.5,595.0,2.05,43.0
2017-10-13 11:36:00,5.94,582.5,603.5,2.05,43.5
2017-10-13 11:37:00,6.61,577.0,598.0,2.05,43.5
2017-10-13 11:38:00,6.675,574.0,594.0,2.1,43.0
2017-10-13 11:39:00,6.9449997,572.0,592.5,2.15,43.5
2017-10-13 11:40:00,7.01,575.5,594.5,2.2,42.0
2017-10-13 11:41:00,7.125,574.5,594.5,2.2,42.5
2017-10-13 11:42:00,7.165,570.5,592.0,2.15,43.5
2017-10-13 11:43:00,7.175,571.5,590.5,2.2,42.0
2017-10-13 11:44:00,6.895,568.0,589.5,2.15,44.5
2017-10-13 11:45:00,6.415,568.5,590.0,1.6,44.0
2017-10-13 11:46:00,5.925,568.5,591.5,1.25,45.5
2017-10-13 11:47:00,5.8050003,570.0,591.5,1.1,44.0
2017-10-13 11:48:00,5.8450003,578.0,597.5,0.85,42.5
2017-10-13 11:49:00,7.63,583.0,601.5,1.6500001,42.0
2017-10-13 11:50:00,7.52,588.0,607.5,1.6500001,42.5
2017-10-13 11:51:00,6.685,592.0,613.5,1.7,44.0
2017-10-13 11:52:00,6.255,574.0,592.5,1.35,41.5
2017-10-13 11:53:00,5.63,585.0,603.5,1.6,41.5
2017-10-13 11:54:00,4.035,626.0,654.5,1.2,50.0
2017-10-13 11:55:00,5.37,615.0,642.0,1.6500001,48.5
2017-10-13 11:56:00,4.375,624.5,653.0,1.05,49.5
2017-10-13 11:57:00,5.85,597.0,619.5,0.0,45.0
2017-10-13 11:58:00,7.9700003,589.5,610.0,1.3,43.5
2017-10-13 11:59:00,7.4700003,604.0,628.0,1.9499999,46.0
2017-10-13 12:00:00,7.76,596.0,618.0,2.05,44.5
2017-10-13 12:01:00,8.1050005,593.5,615.0,2.05,44.5
2017-10-13 12:02:00,8.66,585.5,602.5,2.4,40.0
2017-10-13 12:03:00,5.985,617.5,643.0,3.1,47.5
2017-10-13 12:04:00,4.485,635.0,666.0,3.65,51.5
2017-10-13 12:05:00,5.8950005,616.0,643.0,1.8,48.5
2017-10-13 12:06:00,6.1850004,605.0,630.0,2.1,47.0
2017-10-13 12:07:00,5.06,602.0,627.0,1.55,47.5
2017-10-13 12:08:00,3.4850001,635.5,668.5,49.2,53.0
2017-10-13 12:09:00,3.505,640.0,673.5,0.25,53.5
2017-10-13 12:10:00,4.02,641.0,677.0,0.2,55.0
2017-10-13 12:11:00,3.395,639.5,673.5,0.3,54.0
2017-10-13 12:12:00,3.415,641.5,675.5,0.0,54.0
2017-10-13 12:13:00,3.3400002,640.5,674.5,-0.4,53.5
2017-10-13 12:14:00,3.33,648.0,684.5,-0.45,55.0
2017-10-13 12:15:00,3.15,647.0,682.0,-0.85,54.0
2017-10-13 12:16:00,3.125,644.0,679.0,-0.75,54.5
2017-10-13 12:17:00,3.15,642.0,676.0,0.45000002,53.5
2017-10-13 12:18:00,3.28,641.5,675.5,0.1,53.0
2017-10-13 12:19:00,4.25,609.0,634.0,0.70000005,46.5
2017-10-13 12:20:00,3.23,626.0,655.5,0.7,50.0
2017-10-13 12:21:00,3.15,612.5,638.5,1.0,47.5
2017-10-13 12:22:00,3.145,612.0,638.5,1.05,47.5
2017-10-13 12:23:00,3.1750002,614.5,641.0,0.9,48.0
2017-10-13 12:24:00,3.24,615.5,643.5,1.0,49.0
2017-10-13 12:25:00,3.1799998,620.0,649.0,0.85,49.5
2017-10-13 12:26:00,3.09,622.0,652.0,0.85,50.0
2017-10-13 12:27:00,3.085,621.0,651.0,0.65,50.5
2017-10-13 12:28:00,3.27,618.5,648.0,0.55,50.5
2017-10-13 12:29:00,3.495,612.0,638.5,0.75,48.0
2017-10-13 12:30:00,3.45,612.5,638.5,0.7,47.5
2017-10-13 12:31:00,3.455,614.0,640.0,0.65,48.0
2017-10-13 12:32:00,3.1,623.0,652.5,0.5,50.5
2017-10-13 12:33:00,3.4850001,607.5,632.0,0.79999995,46.0
2017-10-13 12:34:00,3.345,613.5,640.0,0.70000005,48.0
2017-10-13 12:35:00,3.455,611.0,637.0,0.85,47.0
2017-10-13 12:36:00,3.6799998,605.5,629.0,0.75,45.5
2017-10-13 12:37:00,3.87,604.0,628.0,0.8,45.5
2017-10-13 12:38:00,4.0600004,602.0,625.5,0.9,45.0
2017-10-13 12:39:00,4.275,596.0,618.5,0.8,44.0
2017-10-13 12:40:00,4.235,597.5,620.0,0.85,44.5
2017-10-13 12:41:00,4.135,599.5,621.5,0.65,44.0
2017-10-13 12:42:00,4.33,594.5,616.5,0.75,44.5
2017-10-13 12:43:00,4.6800003,593.0,613.0,0.79999995,42.5
2017-10-13 12:44:00,3.955,603.5,627.5,0.65,46.0
2017-10-13 12:45:00,3.85,607.0,632.0,0.6,47.0
2017-10-13 12:46:00,3.4650002,616.0,643.5,0.75,48.5
2017-10-13 12:47:00,3.46,617.5,645.5,0.65,49.0
2017-10-13 12:48:00,3.72,613.0,639.0,0.75,47.5
2017-10-13 12:49:00,3.215,626.0,655.5,1.0,50.5
2017-10-13 12:50:00,3.2350001,625.5,656.0,1.0,50.0
2017-10-13 12:51:00,4.365,620.0,647.0,1.7,49.0
2017-10-13 12:52:00,4.38,619.0,647.0,2.1,49.0
2017-10-13 12:53:00,3.9850001,620.0,648.0,1.7,49.5
2017-10-13 12:54:00,4.37,612.0,638.5,1.3499999,48.0
2017-10-13 12:55:00,3.9450002,612.5,639.5,1.35,48.5
2017-10-13 12:56:00,3.575,627.5,657.0,1.75,50.5
2017-10-13 12:57:00,3.8049998,612.0,640.5,1.1,49.0
2017-10-13 12:58:00,4.015,596.5,621.5,0.8,47.0
2017-10-13 12:59:00,4.1549997,608.0,633.5,1.4000001,47.0
2017-10-13 13:00:00,4.165,606.5,634.0,0.85,49.0
2017-10-13 13:01:00,4.975,602.0,628.0,2.6,47.5
2017-10-13 13:02:00,4.315,595.5,620.5,1.5,47.0
2017-10-13 13:03:00,3.9,588.5,614.0,1.1,46.5
2017-10-13 13:04:00,3.915,584.5,608.5,0.75,45.5
2017-10-13 13:05:00,4.385,584.5,607.5,0.6,45.0
2017-10-13 13:06:00,3.85,601.5,629.0,1.5,48.5
2017-10-13 13:07:00,4.0550003,600.0,626.5,1.3,48.5
2017-10-13 13:08:00,4.175,602.5,629.5,1.0,48.5
2017-10-13 13:09:00,4.175,599.5,626.0,1.5999999,47.5
2017-10-13 13:10:00,4.795,595.5,618.5,2.65,45.5
2017-10-13 13:11:00,4.18,595.5,621.0,1.35,47.0
2017-10-13 13:12:00,5.32,596.0,616.0,2.7,43.0
2017-10-13 13:13:00,5.035,600.0,623.5,2.35,45.0
2017-10-13 13:14:00,4.665,600.5,623.0,3.05,44.5
2017-10-13 13:15:00,5.24,611.0,635.5,3.05,46.5
2017-10-13 13:16:00,5.6,603.0,625.0,2.9,44.5
2017-10-13 13:17:00,4.9700003,627.0,656.5,2.9,50.0
2017-10-13 13:18:00,4.83,622.5,648.0,3.1,47.5
2017-10-13 13:19:00,4.8900003,599.0,620.5,2.8000002,44.0
2017-10-13 13:20:00,4.565,585.0,605.5,1.8,43.0
2017-10-13 13:21:00,3.99,590.0,614.5,-0.8,46.5
2017-10-13 13:22:00,3.69,604.5,630.5,0.19999999,48.0
2017-10-13 13:23:00,4.505,595.5,618.5,1.8000001,45.0
2017-10-13 13:24:00,4.6949997,608.5,634.0,2.05,47.0
2017-10-13 13:25:00,4.2400002,624.5,651.0,2.3,48.0
2017-10-13 13:26:00,4.325,614.5,638.0,2.25,45.5
2017-10-13 13:27:00,4.265,618.0,643.5,2.4,47.5
2017-10-13 13:28:00,5.0299997,596.5,617.5,1.95,44.0
2017-10-13 13:29:00,5.3999996,593.0,612.0,3.15,41.5
2017-10-13 13:30:00,5.4300003,591.5,611.5,2.9,42.0
2017-10-13 13:31:00,4.92,586.0,605.0,1.9000001,42.0
2017-10-13 13:32:00,4.545,585.5,607.5,0.85,44.0
2017-10-13 13:33:00,4.91,585.5,603.5,-0.4,40.5
2017-10-13 13:34:00,5.1,585.5,603.0,1.6500001,40.5
2017-10-13 13:35:00,4.9300003,584.0,602.5,-0.3,41.0
2017-10-13 13:36:00,4.725,584.5,603.5,0.3,41.0
2017-10-13 13:37:00,4.75,584.5,602.5,-1.25,40.5
2017-10-13 13:38:00,4.285,586.5,606.5,-0.7,42.0
2017-10-13 13:39:00,4.76,587.5,606.0,0.6,41.5
2017-10-13 13:40:00,4.815,593.0,613.0,1.75,42.0
2017-10-13 13:41:00,4.74,601.5,624.0,1.9,44.5
2017-10-13 13:42:00,4.3900003,600.0,621.0,1.15,43.5
2017-10-13 13:43:00,4.8,584.0,601.5,0.70000005,40.5
2017-10-13 13:44:00,5.5699997,584.5,600.0,1.4,38.5
2017-10-13 13:45:00,4.9849997,586.5,604.0,1.0,40.5
2017-10-13 13:46:00,4.825,582.5,598.5,0.099999994,38.5
2017-10-13 13:47:00,4.88,584.5,602.0,0.95,40.5
2017-10-13 13:48:00,4.92,584.5,601.0,1.25,39.5
2017-10-13 13:49:00,4.965,584.5,601.5,1.2,39.5
2017-10-13 13:50:00,5.045,580.5,597.0,0.4,39.0
2017-10-13 13:51:00,5.23,584.5,601.0,0.9,39.5
2017-10-13 13:52:00,5.38,591.0,609.5,1.8,41.0
2017-10-13 13:53:00,5.7,581.5,597.5,1.2,38.5
2017-10-13 13:54:00,5.88,586.0,603.0,1.3,39.0
2017-10-13 13:55:00,5.965,588.5,605.5,1.6500001,40.0
2017-10-13 13:56:00,5.4849997,590.5,608.5,1.65,41.0
2017-10-13 13:57:00,4.885,591.5,613.5,0.55,44.5
2017-10-13 13:58:00,4.9449997,592.5,614.0,0.95000005,44.5
2017-10-13 13:59:00,4.945,594.0,615.5,0.85,44.0
2017-10-13 14:00:00,4.895,593.5,615.5,0.5,45.0
2017-10-13 14:01:00,4.73,601.0,626.0,-0.3,47.0
2017-10-13 14:02:00,4.945,585.5,604.0,0.050000004,41.0
2017-10-13 14:03:00,4.995,585.0,602.5,0.65,41.0
2017-10-13 14:04:00,5.2250004,585.0,603.5,0.75,41.0
2017-10-13 14:05:00,5.135,584.5,602.5,-0.10000001,40.0
2017-10-13 14:06:00,5.16,585.5,603.0,-0.2,40.0
2017-10-13 14:07:00,5.045,586.5,605.5,0.099999994,41.5
2017-10-13 14:08:00,5.165,587.0,606.0,-0.15,41.5
2017-10-13 14:09:00,5.025,585.0,604.5,-0.55,42.0
2017-10-13 14:10:00,5.135,585.0,603.5,-0.5,41.0
2017-10-13 14:11:00,5.24,585.5,603.0,-0.10000001,40.5
2017-10-13 14:12:00,5.29,587.0,604.5,0.3,40.0
2017-10-13 14:13:00,5.295,586.0,604.5,0.35000002,41.5
2017-10-13 14:14:00,5.14,585.0,603.0,0.35000002,41.0
2017-10-13 14:15:00,5.295,585.0,603.5,0.35000002,40.5
2017-10-13 14:16:00,5.15,587.0,606.0,0.45,42.0
2017-10-13 14:17:00,5.315,587.0,605.0,0.4,40.5
2017-10-13 14:18:00,4.88,590.5,610.5,0.35,42.0
2017-10-13 14:19:00,5.1949997,588.0,607.0,0.5,41.5
2017-10-13 14:20:00,5.18,587.5,605.5,0.3,41.0
2017-10-13 14:21:00,5.325,589.5,607.5,1.45,41.0
2017-10-13 14:22:00,5.37,589.5,608.5,1.3499999,41.0
2017-10-13 14:23:00,5.1400003,589.0,607.5,1.1,41.0
2017-10-13 14:24:00,5.12,588.0,607.0,1.25,41.0
2017-10-13 14:25:00,5.0950003,586.0,603.0,1.1,40.5
2017-10-13 14:26:00,5.63,584.0,599.0,1.4,38.0
2017-10-13 14:27:00,5.27,585.0,601.5,1.1,39.0
2017-10-13 14:28:00,5.5950003,583.0,598.0,1.75,38.0
2017-10-13 14:29:00,5.255,584.0,600.0,1.45,38.5
2017-10-13 14:30:00,5.36,583.5,599.5,1.2,38.0
2017-10-13 14:31:00,5.1949997,587.0,604.0,1.05,40.0
2017-10-13 14:32:00,5.625,589.0,606.0,1.75,40.0
2017-10-13 14:33:00,5.8599997,586.5,603.0,1.5,39.5
2017-10-13 14:34:00,5.755,585.0,601.0,1.4,38.5
2017-10-13 14:35:00,5.62,587.5,604.5,1.35,39.5
2017-10-13 14:36:00,5.69,584.0,599.0,1.0,38.5
2017-10-13 14:37:00,5.87,584.5,601.0,1.0,39.0
2017-10-13 14:38:00,5.635,582.5,598.5,1.1500001,38.5
2017-10-13 14:39:00,6.02,588.0,604.5,1.55,40.0
2017-10-13 14:40:00,5.4049997,585.0,603.5,0.85,40.5
2017-10-13 14:41:00,4.165,586.5,607.5,0.1,43.0
2017-10-13 14:42:00,4.05,584.0,604.0,0.05,42.0
2017-10-13 14:43:00,4.41,584.5,603.0,0.25,41.5
2017-10-13 14:44:00,4.44,584.0,601.5,0.35000002,40.5
2017-10-13 14:45:00,4.7799997,578.5,594.5,0.2,38.5
2017-10-13 14:46:00,4.66,582.5,600.5,0.5,40.5
2017-10-13 14:47:00,4.4300003,582.5,600.5,-0.3,41.0
2017-10-13 14:48:00,3.895,597.5,622.5,1.05,47.0
2017-10-13 14:49:00,3.78,625.5,654.5,2.8,49.5
2017-10-13 14:50:00,4.0950003,610.5,636.5,2.4,47.0
2017-10-13 14:51:00,4.38,597.0,621.0,2.15,45.5
2017-10-13 14:52:00,4.54,589.0,611.5,1.85,45.0
2017-10-13 14:53:00,4.2749996,587.5,610.5,1.55,45.0
2017-10-13 14:54:00,4.0,600.5,625.0,1.9,46.5
2017-10-13 14:55:00,3.7,612.5,639.5,2.45,48.0
2017-10-13 14:56:00,3.6999998,614.5,641.0,2.3000002,48.5
2017-10-13 14:57:00,3.955,604.0,628.5,2.2,46.0
2017-10-13 14:58:00,3.955,616.0,643.0,2.45,48.5
2017-10-13 14:59:00,4.175,617.5,646.0,2.2,49.5
2017-10-13 15:00:00,3.995,617.0,645.5,2.5,49.0
2017-10-13 15:01:00,3.99,619.0,646.5,2.4,49.0
2017-10-13 15:02:00,3.48,621.5,649.5,2.35,49.0
2017-10-13 15:03:00,2.455,635.0,666.0,2.6,51.5
2017-10-13 15:04:00,2.99,622.5,651.5,1.6,49.5
2017-10-13 15:05:00,3.145,621.5,650.0,1.2,49.5
2017-10-13 15:06:00,2.8249998,620.0,649.0,0.5,49.5
2017-10-13 15:07:00,2.475,622.5,653.0,0.05,51.0
2017-10-13 15:08:00,3.085,603.5,628.5,0.15,46.5
2017-10-13 15:09:00,3.3899999,606.5,632.5,0.2,47.5
2017-10-13 15:10:00,3.52,601.0,625.0,0.3,46.0
2017-10-13 15:11:00,3.725,596.5,618.5,0.15,44.0
2017-10-13 15:12:00,4.3900003,585.5,603.0,0.0,40.5
2017-10-13 15:13:00,4.45,582.5,598.5,-0.45,38.5
2017-10-13 15:14:00,4.59,583.5,600.5,0.1,39.0
2017-10-13 15:15:00,3.1100001,650.0,676.0,-2.4,47.5
2017-10-13 15:16:00,2.605,621.5,651.0,-0.55,50.5
2017-10-13 15:17:00,1.9749999,635.5,669.0,0.34999996,52.5
2017-10-13 15:18:00,2.1950002,630.5,663.0,0.90000004,52.5
2017-10-13 15:19:00,2.3000002,635.0,669.0,-0.050000004,53.0
2017-10-13 15:20:00,2.025,645.5,682.0,1.3,55.0
2017-10-13 15:21:00,2.0749998,646.0,682.5,1.8,55.0
2017-10-13 15:22:00,2.22,648.5,683.5,2.6999998,54.0
2017-10-13 15:23:00,2.3049998,650.5,686.0,2.65,54.0
2017-10-13 15:24:00,2.17,649.0,686.0,1.8499999,55.0
2017-10-13 15:25:00,2.23,654.5,691.5,2.05,55.0
2017-10-13 15:26:00,1.87,646.5,682.0,-1.0999999,54.0
2017-10-13 15:27:00,2.005,646.0,683.0,-0.75,55.0
2017-10-13 15:28:00,2.0749998,658.0,694.0,0.0,54.5
2017-10-13 15:29:00,2.255,656.0,692.5,0.84999996,54.5
2017-10-13 15:30:00,3.065,674.0,709.0,3.0500002,54.0
2017-10-13 15:31:00,2.815,678.0,713.5,2.9,54.5
2017-10-13 15:32:00,3.185,680.5,715.0,3.0,54.0
2017-10-13 15:33:00,2.735,665.5,703.0,1.25,56.0
2017-10-13 15:34:00,2.855,672.5,710.0,1.25,56.0
2017-10-13 15:35:00,2.56,687.0,718.0,1.3,51.0
2017-10-13 15:36:00,3.02,673.0,708.0,1.6,54.0
2017-10-13 15:37:00,2.88,668.0,703.5,1.5,55.0
2017-10-13 15:38:00,2.79,670.0,707.5,1.15,56.0
2017-10-13 15:39:00,2.845,668.5,708.0,0.90000004,57.0
2017-10-13 15:40:00,2.49,657.5,693.0,0.85,54.5
2017-10-13 15:41:00,2.8049998,668.0,703.0,1.45,54.0
2017-10-13 15:42:00,3.55,707.5,736.5,2.65,50.0
2017-10-13 15:43:00,2.555,656.5,692.5,0.2,55.0
2017-10-13 15:44:00,3.275,690.0,724.0,-3.5,53.0
2017-10-13 15:45:00,3.6,686.5,725.0,-2.8,57.0
2017-10-13 15:46:00,3.005,678.5,710.0,1.7,51.5
2017-10-13 15:47:00,2.425,656.0,690.5,-0.24999997,53.5
2017-10-13 15:48:00,2.065,648.0,683.0,0.0,54.0
2017-10-13 15:49:00,2.2,647.0,681.0,0.29999998,53.0
2017-10-13 15:50:00,2.1950002,648.5,682.5,0.35000002,53.5
2017-10-13 15:51:00,2.13,656.0,690.0,-0.20000002,53.0
2017-10-13 15:52:00,2.2,653.5,689.0,-1.5,54.0
2017-10-13 15:53:00,2.4299998,686.5,720.0,-2.2,53.0
2017-10-13 15:54:00,2.74,665.5,698.5,-2.55,53.0
2017-10-13 15:55:00,2.275,655.5,691.0,0.5,53.5
2017-10-13 15:56:00,2.295,654.0,689.5,-0.55,54.0
2017-10-13 15:57:00,2.275,659.5,694.5,0.59999996,54.0
2017-10-13 15:58:00,2.38,656.0,689.5,1.05,53.5
2017-10-13 15:59:00,2.245,654.5,690.5,0.049999997,55.0
2017-10-13 16:00:00,2.315,653.0,688.5,0.45000002,54.5
2017-10-13 16:01:00,2.585,658.5,693.5,1.6,54.0
2017-10-13 16:02:00,2.45,657.0,694.5,-0.15,56.0
2017-10-13 16:03:00,2.52,655.5,694.0,-0.10000001,56.0
2017-10-13 16:04:00,2.315,655.0,689.5,1.1,53.5
2017-10-13 16:05:00,2.8899999,669.5,705.5,2.5,55.0
2017-10-13 16:06:00,2.5900002,660.5,696.0,2.0,54.0
2017-10-13 16:07:00,2.3400002,650.5,686.0,1.35,54.0
2017-10-13 16:08:00,2.3600001,649.5,682.0,1.65,52.5
2017-10-13 16:09:00,2.625,657.0,693.0,1.8499999,55.0
2017-10-13 16:10:00,2.8000002,663.5,699.5,2.25,54.5
2017-10-13 16:11:00,2.445,652.5,689.0,0.1,55.0
2017-10-13 16:12:00,2.455,652.0,689.0,0.4,55.5
2017-10-13 16:13:00,2.38,650.0,685.0,1.15,54.0
2017-10-13 16:14:00,2.3249998,647.0,683.0,0.55,54.5
2017-10-13 16:15:00,2.2350001,645.0,681.0,0.79999995,54.5
2017-10-13 16:16:00,2.165,644.5,679.0,0.3,53.5
2017-10-13 16:17:00,2.37,661.5,696.0,1.9,53.5
2017-10-13 16:18:00,2.7649999,662.5,698.0,2.55,54.5
2017-10-13 16:19:00,2.745,668.5,701.5,2.85,52.5
2017-10-13 16:20:00,2.7649999,675.0,708.5,2.8,52.5
2017-10-13 16:21:00,2.625,669.5,703.0,1.75,53.5
2017-10-13 16:22:00,2.6,657.5,693.5,1.45,55.0
2017-10-13 16:23:00,2.575,658.5,696.0,1.25,55.5
2017-10-13 16:24:00,2.325,648.0,685.5,0.85,55.5
2017-10-13 16:25:00,2.775,664.0,699.0,2.05,54.5
2017-10-13 16:26:00,2.83,666.5,706.5,0.95000005,58.0
2017-10-13 16:27:00,2.4699998,653.5,691.0,0.25,56.0
2017-10-13 16:28:00,2.585,661.5,700.0,1.3,56.5
2017-10-13 16:29:00,2.72,665.0,704.5,1.5,57.0
2017-10-13 16:30:00,2.775,669.0,709.0,0.54999995,58.0
2017-10-13 16:31:00,2.48,655.5,692.5,1.1,55.5
2017-10-13 16:32:00,2.5,654.5,692.0,0.3,55.5
2017-10-13 16:33:00,2.65,661.5,700.0,-0.75,57.0
2017-10-13 16:34:00,2.555,657.5,695.0,-0.1,56.0
2017-10-13 16:35:00,2.85,672.5,709.0,-2.25,55.0
2017-10-13 16:36:00,2.74,675.5,712.0,-1.8,55.0
2017-10-13 16:37:00,2.58,658.5,697.5,-0.55,56.5
2017-10-13 16:38:00,2.47,653.0,690.5,-0.15,55.5
2017-10-13 16:39:00,2.63,661.5,702.0,0.10000001,58.0
2017-10-13 16:40:00,2.5,656.0,694.0,0.45000002,56.5
2017-10-13 16:41:00,2.62,660.0,700.5,0.45000002,58.0
2017-10-13 16:42:00,2.56,654.0,691.5,0.75,56.0
2017-10-13 16:43:00,2.555,653.0,690.0,1.0,55.5
2017-10-13 16:44:00,2.59,655.0,692.5,0.6,56.0
2017-10-13 16:45:00,2.92,646.5,683.5,0.049999997,55.5
2017-10-13 16:46:00,2.79,646.0,682.0,0.7,55.0
2017-10-13 16:47:00,2.73,653.0,690.5,1.15,55.5
2017-10-13 16:48:00,2.535,655.5,693.0,0.85,56.0
2017-10-13 16:49:00,2.615,651.5,688.5,0.75,55.5
2017-10-13 16:50:00,2.955,653.0,691.5,0.65,56.5
2017-10-13 16:51:00,2.8850002,656.0,695.0,0.7,57.0
2017-10-13 16:52:00,3.035,654.5,693.5,0.75,56.5
2017-10-13 16:53:00,3.0300002,648.0,685.0,0.79999995,55.5
2017-10-13 16:54:00,2.99,661.0,701.0,0.4,58.0
2017-10-13 16:55:00,3.205,660.5,700.5,0.35000002,58.0
2017-10-13 16:56:00,3.055,638.0,675.0,-0.1,56.0
2017-10-13 16:57:00,3.24,716.5,748.0,1.8,51.5
2017-10-13 16:58:00,3.595,711.0,745.0,1.8499999,53.5
2017-10-13 16:59:00,4.095,654.5,691.5,0.6999999,56.0
2017-10-13 17:00:00,3.005,662.0,700.0,0.6,56.5
2017-10-13 17:01:00,3.04,664.5,704.0,0.65000004,57.5
2017-10-13 17:02:00,3.12,667.0,708.0,0.55,58.5
2017-10-13 17:03:00,3.085,666.5,710.5,0.1,60.0
2017-10-13 17:04:00,3.175,667.0,708.5,-0.19999999,59.0
2017-10-13 17:05:00,2.9650002,653.0,689.5,0.95,55.5
2017-10-13 17:06:00,3.25,636.0,670.0,0.85,53.0
2017-10-13 17:07:00,2.835,641.5,677.5,0.25,55.0
2017-10-13 17:08:00,3.42,648.5,686.5,-0.3,56.5
2017-10-13 17:09:00,3.475,651.5,692.0,-0.45,58.0
2017-10-13 17:10:00,3.3400002,656.0,696.0,-0.3,57.5
2017-10-13 17:11:00,3.575,660.5,703.0,-0.75,59.0
2017-10-13 17:12:00,3.67,655.0,695.5,-0.85,58.0
2017-10-13 17:13:00,3.5900002,647.5,688.0,-0.85,58.5
2017-10-13 17:14:00,3.065,632.0,666.5,-0.7,54.0
2017-10-13 17:15:00,3.655,650.5,690.0,-1.2,57.0
2017-10-13 17:16:00,3.31,638.5,675.0,-0.9,56.0
2017-10-13 17:17:00,3.63,637.0,674.5,-0.70000005,56.5
2017-10-13 17:18:00,3.42,637.5,674.5,-0.45,56.0
2017-10-13 17:19:00,3.4499998,639.5,677.0,-0.55,56.0
2017-10-13 17:20:00,3.5349998,636.5,674.0,-0.45,56.0
2017-10-13 17:21:00,3.51,646.0,684.5,-0.5,56.5
2017-10-13 17:22:00,3.425,647.0,685.0,-0.45,56.5
2017-10-13 17:23:00,3.48,649.5,688.0,0.15,56.5
2017-10-13 17:24:00,3.38,639.5,677.0,-0.7,56.0
2017-10-13 17:25:00,3.28,643.5,679.5,-0.55,55.5
2017-10-13 17:26:00,3.63,653.0,691.0,1.3,56.5
2017-10-13 17:27:00,3.4699998,645.0,682.5,-0.3,56.0
2017-10-13 17:28:00,3.815,642.5,680.5,0.54999995,56.5
2017-10-13 17:29:00,3.805,648.0,685.5,1.65,55.5
2017-10-13 17:30:00,3.8000002,649.0,685.5,1.7,55.5
2017-10-13 17:31:00,3.8049998,655.5,693.5,1.9,56.5
2017-10-13 17:32:00,3.8,660.0,698.0,2.3,56.5
2017-10-13 17:33:00,3.75,659.5,696.5,2.5500002,55.5
2017-10-13 17:34:00,3.75,663.0,701.5,2.35,57.0
2017-10-13 17:35:00,3.885,660.5,698.5,2.25,56.5
2017-10-13 17:36:00,3.81,664.0,701.0,2.4,56.0
2017-10-13 17:37:00,3.995,669.0,707.5,2.6999998,56.5
2017-10-13 17:38:00,4.195,676.5,715.0,2.8,57.5
2017-10-13 17:39:00,3.955,673.0,712.0,2.6,57.5
2017-10-13 17:40:00,4.0550003,681.5,721.0,2.4499998,57.0
2017-10-13 17:41:00,3.7649999,673.5,713.5,2.45,57.5
2017-10-13 17:42:00,3.63,687.5,726.0,2.4,57.0
2017-10-13 17:43:00,3.8899999,699.5,737.0,2.55,56.0
2017-10-13 17:44:00,3.895,713.5,746.5,2.5,53.0
2017-10-13 17:45:00,3.875,736.5,764.0,2.55,48.5
2017-10-13 17:46:00,3.845,730.5,759.0,2.75,49.5
2017-10-13 17:47:00,3.98,675.0,714.0,2.15,57.0
2017-10-13 17:48:00,3.52,690.0,725.5,2.6999998,54.5
2017-10-13 17:49:00,3.42,701.0,733.0,2.6,52.0
2017-10-13 17:50:00,3.62,682.5,722.0,2.3,57.0
2017-10-13 17:51:00,3.78,692.5,729.5,2.8,55.5
2017-10-13 17:52:00,3.73,714.0,742.0,2.8,50.0
2017-10-13 17:53:00,3.525,705.5,740.0,3.0,54.0
2017-10-13 17:54:00,3.57,690.0,727.0,3.4,56.0
2017-10-13 17:55:00,3.39,680.5,718.0,3.3000002,56.0
2017-10-13 17:56:00,3.52,689.5,727.0,3.25,56.0
2017-10-13 17:57:00,3.37,702.5,735.0,3.45,52.0
2017-10-13 17:58:00,3.6100001,672.5,712.0,3.45,57.5
2017-10-13 17:59:00,3.4,679.0,719.5,3.35,57.5
2017-10-13 18:00:00,3.845,679.0,718.0,3.15,57.0
2017-10-13 18:01:00,3.915,673.5,712.0,3.2,56.5
2017-10-13 18:02:00,3.85,662.5,702.0,2.9,57.5
2017-10-13 18:03:00,3.2849998,688.0,722.5,1.75,54.0
2017-10-13 18:04:00,3.56,674.0,711.0,2.3,55.5
2017-10-13 18:05:00,3.365,663.5,699.0,2.6,54.5
2017-10-13 18:06:00,3.375,652.0,688.0,2.0,55.0
2017-10-13 18:07:00,3.87,726.5,755.5,1.6,50.0
2017-10-13 18:08:00,4.0550003,707.5,741.0,1.75,53.0
2017-10-13 18:09:00,3.155,712.0,742.5,1.25,51.0
2017-10-13 18:10:00,3.525,677.5,715.5,1.45,56.0
2017-10-13 18:11:00,3.92,693.0,728.5,50.45,55.0
2017-10-13 18:12:00,3.58,709.0,742.0,1.7,52.5
2017-10-13 18:13:00,4.165,676.0,714.0,1.9,56.5
2017-10-13 18:14:00,4.1,676.5,714.0,1.8499999,56.0
2017-10-13 18:15:00,4.065,686.5,721.0,1.8499999,54.0
2017-10-13 18:16:00,3.8799999,686.0,723.0,1.7,55.5
2017-10-13 18:17:00,3.98,683.5,719.5,1.85,55.0
2017-10-13 18:18:00,4.0150003,674.5,712.5,1.9,56.0
2017-10-13 18:19:00,4.125,677.5,715.0,2.2,56.0
2017-10-13 18:20:00,4.1800003,677.0,715.0,2.2,56.5
2017-10-13 18:21:00,4.24,687.5,724.0,2.3,55.5
2017-10-13 18:22:00,4.465,679.5,716.5,2.0,56.0
2017-10-13 18:23:00,4.21,666.5,704.5,1.5,56.5
2017-10-13 18:24:00,4.2,672.0,707.5,-0.99999994,54.5
2017-10-13 18:25:00,4.4849997,662.0,701.0,-2.5,57.0
2017-10-13 18:26:00,4.15,651.0,690.0,-0.75,57.0
2017-10-13 18:27:00,3.8249998,649.0,685.5,-1.45,55.5
2017-10-13 18:28:00,3.8200002,644.5,680.5,-0.35,55.0
2017-10-13 18:29:00,3.755,644.5,681.0,-0.55,55.5
2017-10-13 18:30:00,3.9499998,644.5,681.0,-0.85,55.5
2017-10-13 18:31:00,4.03,650.0,687.0,-0.5,55.5
2017-10-13 18:32:00,3.605,648.0,684.0,-0.95000005,55.0
2017-10-13 18:33:00,3.69,656.0,692.5,-1.7,55.5
2017-10-13 18:34:00,4.13,663.0,700.5,-2.3,56.5
2017-10-13 18:35:00,3.87,670.5,707.5,-2.25,56.0
2017-10-13 18:36:00,4.1800003,705.0,736.5,-2.65,51.5
2017-10-13 18:37:00,3.895,673.5,711.0,-2.35,56.5
2017-10-13 18:38:00,3.835,681.5,718.0,-2.5,55.5
2017-10-13 18:39:00,4.285,693.0,728.5,-2.6999998,55.0
2017-10-13 18:40:00,3.875,698.5,730.0,-2.4,51.5
2017-10-13 18:41:00,3.7350001,714.0,742.0,-2.4,49.0
2017-10-13 18:42:00,3.745,713.5,744.0,-2.4499998,51.0
2017-10-13 18:43:00,3.58,694.5,728.5,-1.4000001,53.5
2017-10-13 18:44:00,4.515,669.0,708.0,1.9000001,57.5
2017-10-13 18:45:00,4.675,657.5,694.0,2.0,56.0
2017-10-13 18:46:00,4.585,668.0,705.5,2.65,56.0
2017-10-13 18:47:00,4.79,671.5,708.0,2.75,55.5
2017-10-13 18:48:00,4.03,651.0,689.5,0.2,57.0
2017-10-13 18:49:00,3.9850001,648.5,686.5,-0.15,56.5
2017-10-13 18:50:00,3.84,645.5,682.5,-0.05,56.0
2017-10-13 18:51:00,3.92,645.5,683.0,0.05,56.0
2017-10-13 18:52:00,3.835,644.5,681.5,-0.1,56.0
2017-10-13 18:53:00,3.705,648.0,685.0,-0.45000002,55.5
2017-10-13 18:54:00,3.575,645.0,681.0,-0.2,55.0
2017-10-13 18:55:00,3.53,645.0,679.5,-0.15,54.5
2017-10-13 18:56:00,3.65,644.5,680.0,-0.2,54.5
2017-10-13 18:57:00,3.825,644.5,681.0,-0.1,55.5
2017-10-13 18:58:00,3.7649999,643.0,679.0,0.10000001,55.0
2017-10-13 18:59:00,3.865,648.0,683.0,1.3499999,54.5
2017-10-13 19:00:00,3.47,654.0,689.5,1.05,54.5
2017-10-13 19:01:00,3.41,653.5,689.0,0.75,54.5
2017-10-13 19:02:00,3.77,644.0,679.0,0.1,55.0
2017-10-13 19:03:00,4.395,653.0,692.0,1.3499999,57.0
2017-10-13 19:04:00,3.15,673.5,709.5,-1.05,55.0
2017-10-13 19:05:00,3.3200002,672.5,708.5,-1.1500001,55.0
2017-10-13 19:06:00,3.315,684.5,719.0,-1.25,54.0
2017-10-13 19:07:00,3.075,709.5,740.0,-1.1500001,51.0
2017-10-13 19:08:00,3.08,708.0,738.0,-1.2,50.5
2017-10-13 19:09:00,3.305,714.5,743.0,-1.6,49.5
2017-10-13 19:10:00,3.4250002,722.0,747.0,-1.55,46.5
2017-10-13 19:11:00,3.56,687.0,721.5,-1.4,54.0
2017-10-13 19:12:00,3.585,715.0,743.5,-1.7,49.5
2017-10-13 19:13:00,3.415,712.5,743.5,-1.55,51.5
2017-10-13 19:14:00,3.245,719.0,745.5,-1.4,48.0
2017-10-13 19:15:00,3.89,673.5,710.0,-1.1,56.0
2017-10-13 19:16:00,3.415,675.5,712.0,-1.1,56.0
2017-10-13 19:17:00,3.77,667.5,706.0,-1.25,56.5
2017-10-13 19:18:00,3.54,674.0,712.0,-1.0999999,56.0
2017-10-13 19:19:00,4.07,666.5,706.0,-0.85,57.0
2017-10-13 19:20:00,3.6399999,667.5,705.0,-0.35,56.5
2017-10-13 19:21:00,3.44,662.5,699.0,0.2,55.0
2017-10-13 19:22:00,3.13,676.0,713.5,-0.5,56.0
2017-10-13 19:23:00,2.95,683.0,719.5,-0.15,55.0
2017-10-13 19:24:00,2.915,695.5,730.0,0.15,54.0
2017-10-13 19:25:00,2.98,683.5,720.0,0.4,55.0
2017-10-13 19:26:00,2.87,700.0,733.0,0.15,52.5
2017-10-13 19:27:00,3.94,669.5,705.5,1.7,55.0
2017-10-13 19:28:00,4.765,659.5,704.0,1.0,61.0
2017-10-13 19:29:00,4.185,656.5,696.5,0.6,57.5
2017-10-13 19:30:00,3.69,652.0,688.5,0.85,55.0
2017-10-13 19:31:00,3.755,652.0,688.0,0.95,55.0
2017-10-13 19:32:00,3.76,656.0,692.0,1.35,55.0
2017-10-13 19:33:00,3.69,664.0,701.0,1.55,55.5
2017-10-13 19:34:00,3.7350001,661.5,698.0,0.9,55.5
2017-10-13 19:35:00,4.075,663.0,701.0,0.7,56.5
2017-10-13 19:36:00,3.915,662.5,699.5,0.6,56.0
2017-10-13 19:37:00,3.755,668.5,706.0,0.6,56.0
2017-10-13 19:38:00,4.085,658.0,695.0,1.75,56.0
2017-10-13 19:39:00,3.9700003,656.5,692.5,1.9,55.5
2017-10-13 19:40:00,3.87,658.0,694.0,1.75,55.0
2017-10-13 19:41:00,3.5900002,655.5,691.5,1.5,55.0
2017-10-13 19:42:00,3.225,667.5,702.5,0.29999998,54.0
2017-10-13 19:43:00,3.025,686.0,719.5,0.099999994,53.5
2017-10-13 19:44:00,2.87,707.0,736.5,-0.3,50.0
2017-10-13 19:45:00,2.96,695.0,727.5,-0.05,52.5
2017-10-13 19:46:00,2.935,705.5,735.0,0.10000001,50.0
2017-10-13 19:47:00,2.905,697.0,728.5,-0.2,51.5
2017-10-13 19:48:00,2.87,710.5,739.0,0.1,49.5
2017-10-13 19:49:00,3.475,689.0,725.0,0.8,55.0
2017-10-13 19:50:00,3.295,679.5,714.0,1.5,54.0
2017-10-13 19:51:00,3.705,673.5,710.0,2.0,55.5
2017-10-13 19:52:00,3.5149999,689.5,725.5,1.8,54.5
2017-10-13 19:53:00,2.91,692.5,726.0,0.15,53.0
2017-10-13 19:54:00,3.135,682.5,718.0,-0.35,54.5
2017-10-13 19:55:00,3.0749998,706.0,737.0,-0.7,51.5
2017-10-13 19:56:00,2.845,701.0,734.0,0.4,52.5
2017-10-13 19:57:00,3.0349998,725.5,755.0,-0.79999995,50.0
2017-10-13 19:58:00,3.42,676.5,713.0,0.55,55.0
2017-10-13 19:59:00,3.145,673.0,708.5,0.79999995,55.0
2017-10-13 20:00:00,3.4099998,676.5,713.0,-0.4,55.0
2017-10-13 20:01:00,4.01,647.0,684.0,0.79999995,56.0
2017-10-13 20:02:00,4.34,670.5,710.0,2.3,57.5
2017-10-13 20:03:00,4.1899996,676.0,714.5,2.25,57.0
2017-10-13 20:04:00,4.55,696.5,731.0,2.6,54.5
2017-10-13 20:05:00,4.185,703.5,739.0,2.4,55.0
2017-10-13 20:06:00,4.685,721.5,751.5,2.95,51.0
2017-10-13 20:07:00,4.995,699.0,735.0,2.6,55.5
2017-10-13 20:08:00,4.7200003,688.0,725.0,0.6999999,56.0
2017-10-13 20:09:00,3.785,649.5,684.5,1.25,54.0
2017-10-13 20:10:00,4.13,673.5,710.0,2.2,55.5
2017-10-13 20:11:00,4.475,656.5,692.5,1.95,55.5
2017-10-13 20:12:00,4.27,639.0,675.0,-0.2,55.0
2017-10-13 20:13:00,4.055,646.5,684.5,-0.10000001,56.5
2017-10-13 20:14:00,4.14,646.5,684.5,0.45,56.0
2017-10-13 20:15:00,4.26,648.5,687.0,-0.050000004,56.5
2017-10-13 20:16:00,4.6450005,661.5,703.5,-1.3,59.5
2017-10-13 20:17:00,4.605,667.5,711.0,-1.15,60.5
2017-10-13 20:18:00,4.2200003,666.0,708.5,-1.2,59.5
2017-10-13 20:19:00,4.34,662.5,704.0,-1.25,59.0
2017-10-13 20:20:00,4.545,674.5,715.5,-1.6500001,59.0
2017-10-13 20:21:00,4.245,673.5,713.5,-1.7,58.0
2017-10-13 20:22:00,4.0,683.0,719.0,-2.1,55.0
2017-10-13 20:23:00,4.705,662.0,704.0,-1.5,59.5
2017-10-13 20:24:00,4.2799997,666.5,707.5,-1.6,58.5
2017-10-13 20:25:00,3.55,669.0,709.0,-0.8,57.5
2017-10-13 20:26:00,3.655,638.0,671.5,-0.75,53.5
2017-10-13 20:27:00,3.52,640.0,673.5,-0.65,53.5
2017-10-13 20:28:00,4.035,638.0,672.5,-0.15,54.5
2017-10-13 20:29:00,4.4049997,641.0,676.0,1.0,54.5
2017-10-13 20:30:00,4.745,652.5,692.5,1.0,58.5
2017-10-13 20:31:00,5.0699997,673.5,716.0,1.9,59.5
2017-10-13 20:32:00,4.85,667.5,713.0,1.1500001,61.5
2017-10-13 20:33:00,4.895,672.0,715.5,1.9499999,60.5
2017-10-13 20:34:00,4.615,664.5,709.0,1.3499999,61.0
2017-10-13 20:35:00,4.64,652.5,694.0,0.3,59.0
2017-10-13 20:36:00,4.81,654.5,696.5,0.85,59.5
2017-10-13 20:37:00,4.9300003,655.5,696.0,1.1,58.5
2017-10-13 20:38:00,4.9750004,674.0,716.5,2.3,59.5
2017-10-13 20:39:00,5.04,666.0,708.5,1.5,59.5
2017-10-13 20:40:00,4.74,697.5,736.5,1.55,57.5
2017-10-13 20:41:00,5.605,689.5,731.5,0.8,59.5
2017-10-13 20:42:00,4.8,654.0,694.0,0.90000004,57.5
2017-10-13 20:43:00,4.545,658.0,697.0,1.55,57.5
2017-10-13 20:44:00,4.955,678.5,719.0,2.15,58.0
2017-10-13 20:45:00,4.815,661.0,706.0,0.95000005,61.0
2017-10-13 20:46:00,4.665,663.5,708.5,0.75,61.0
2017-10-13 20:47:00,4.7799997,657.5,702.0,0.35,60.5
2017-10-13 20:48:00,4.5649996,671.5,717.0,-0.24999997,62.0
2017-10-13 20:49:00,4.6949997,662.0,706.5,-1.45,61.0
2017-10-13 20:50:00,4.565,655.0,697.0,-0.6,59.5
2017-10-13 20:51:00,4.4449997,646.5,686.5,-0.05,58.0
2017-10-13 20:52:00,4.335,650.0,691.0,0.25,59.0
2017-10-13 20:53:00,4.67,651.5,692.5,0.2,58.5
2017-10-13 20:54:00,4.865,666.0,708.5,1.5,59.5
2017-10-13 20:55:00,5.42,671.0,712.5,2.05,59.0
2017-10-13 20:56:00,5.01,653.5,695.0,1.5999999,59.0
2017-10-13 20:57:00,5.005,658.0,701.0,1.7,60.0
2017-10-13 20:58:00,5.025,662.0,705.0,2.1,60.5
2017-10-13 20:59:00,5.59,667.0,707.0,2.6999998,58.5
2017-10-13 21:00:00,5.44,667.5,707.0,2.75,58.0
2017-10-13 21:01:00,5.375,676.5,716.5,2.9499998,58.0
2017-10-13 21:02:00,5.335,666.5,709.0,2.3,59.5
2017-10-13 21:03:00,5.495,677.5,718.0,2.6,58.0
2017-10-13 21:04:00,5.1899996,668.5,711.5,2.35,60.0
2017-10-13 21:05:00,5.12,667.0,710.0,2.05,60.0
2017-10-13 21:06:00,4.995,655.5,699.0,0.3,60.5
2017-10-13 21:07:00,4.955,656.0,698.5,0.45000002,60.0
2017-10-13 21:08:00,4.59,667.5,713.0,1.55,61.5
2017-10-13 21:09:00,4.4350004,666.0,714.0,0.9,63.0
2017-10-13 21:10:00,4.615,661.0,705.0,-0.65,60.5
2017-10-13 21:11:00,4.4849997,672.5,712.5,0.45,58.0
2017-10-13 21:12:00,4.3199997,681.5,725.0,0.95000005,60.5
2017-10-13 21:13:00,4.475,688.0,730.0,1.2,59.0
2017-10-13 21:14:00,4.9,680.0,722.5,1.8499999,59.5
2017-10-13 21:15:00,5.3450003,676.0,717.5,2.4,59.5
2017-10-13 21:16:00,5.1,662.0,706.0,2.05,60.5
2017-10-13 21:17:00,5.1,667.0,709.5,2.1,60.0
2017-10-13 21:18:00,5.17,659.5,702.5,2.0,60.0
2017-10-13 21:19:00,4.98,666.0,711.0,1.65,61.0
2017-10-13 21:20:00,5.005,662.0,707.0,1.7,61.5
2017-10-13 21:21:00,4.54,667.0,712.0,1.0,62.0
2017-10-13 21:22:00,4.8149996,668.5,713.5,1.3,61.5
2017-10-13 21:23:00,4.785,676.5,721.0,1.25,61.0
2017-10-13 21:24:00,5.105,685.0,726.0,1.1,59.0
2017-10-13 21:25:00,5.21,696.5,734.0,2.5,56.5
2017-10-13 21:26:00,5.49,716.5,752.0,2.25,54.5
2017-10-13 21:27:00,5.2,686.0,726.0,2.05,58.0
2017-10-13 21:28:00,5.23,676.5,718.5,2.1,59.0
2017-10-13 21:29:00,5.105,678.5,721.5,1.8499999,60.0
2017-10-13 21:30:00,4.805,676.5,720.0,1.3,60.5
2017-10-13 21:31:00,5.175,672.0,717.0,1.5,61.5
2017-10-13 21:32:00,5.17,681.0,722.5,1.9499999,59.0
2017-10-13 21:33:00,5.425,681.0,720.5,2.15,58.0
2017-10-13 21:34:00,5.3,680.0,722.0,1.45,59.5
2017-10-13 21:35:00,5.395,682.0,725.0,1.0,59.5
2017-10-13 21:36:00,5.3,678.5,720.5,1.55,59.5
2017-10-13 21:37:00,5.325,678.5,720.5,1.75,59.5
2017-10-13 21:38:00,5.3050003,685.0,726.0,0.5,59.0
2017-10-13 21:39:00,5.505,684.0,726.0,1.1,59.5
2017-10-13 21:40:00,5.6549997,662.5,703.0,1.1,58.5
2017-10-13 21:41:00,5.52,668.0,709.0,1.7,59.0
2017-10-13 21:42:00,5.515,670.5,714.5,0.75,60.5
2017-10-13 21:43:00,5.84,671.0,714.5,2.0,60.5
2017-10-13 21:44:00,6.075,665.5,710.0,2.0,61.0
2017-10-13 21:45:00,5.9399996,670.5,714.0,2.3000002,61.0
2017-10-13 21:46:00,5.96,676.0,718.0,2.7,59.5
2017-10-13 21:47:00,5.835,701.5,739.5,2.95,56.5
2017-10-13 21:48:00,5.5699997,709.5,746.5,2.45,56.0
2017-10-13 21:49:00,5.8,711.0,748.5,2.65,56.5
2017-10-13 21:50:00,5.48,699.0,738.0,2.4499998,57.5
2017-10-13 21:51:00,5.67,697.0,736.0,2.1,57.5
2017-10-13 21:52:00,5.615,701.5,740.0,2.4,57.0
2017-10-13 21:53:00,5.7799997,684.5,724.0,3.05,57.5
2017-10-13 21:54:00,5.825,708.0,746.0,2.85,56.5
2017-10-13 21:55:00,5.64,732.0,763.0,2.85,52.0
2017-10-13 21:56:00,5.745,736.0,768.0,2.7,52.5
2017-10-13 21:57:00,6.185,718.5,754.0,3.1999998,55.5
2017-10-13 21:58:00,6.1000004,710.0,747.0,3.2,56.5
2017-10-13 21:59:00,6.325,689.0,728.0,3.1,57.0
2017-10-13 22:00:00,6.125,682.5,721.5,3.05,57.5
2017-10-13 22:01:00,6.255,676.0,718.0,2.9,60.0
2017-10-13 22:02:00,6.105,667.5,709.5,2.4,59.5
2017-10-13 22:03:00,5.4,673.0,716.0,1.75,60.0
2017-10-13 22:04:00,5.2799997,665.5,709.5,1.9,61.0
2017-10-13 22:05:00,5.785,662.0,708.0,1.5999999,62.0
2017-10-13 22:06:00,5.9350004,656.5,699.0,1.6500001,59.5
2017-10-13 22:07:00,4.7650003,669.0,715.0,0.85,62.0
2017-10-13 22:08:00,5.335,674.5,718.5,1.25,61.0
2017-10-13 22:09:00,5.2799997,671.5,715.0,0.8,60.5
2017-10-13 22:10:00,5.425,669.0,712.0,1.9,60.0
2017-10-13 22:11:00,5.5600004,668.0,711.5,2.5,60.5
2017-10-13 22:12:00,5.39,670.5,715.0,2.3000002,61.0
2017-10-13 22:13:00,5.235,674.5,716.5,2.25,59.5
2017-10-13 22:14:00,5.3,676.0,717.5,2.3,59.0
2017-10-13 22:15:00,5.48,671.5,714.0,2.8000002,60.0
2017-10-13 22:16:00,5.27,671.5,715.5,2.4,60.5
2017-10-13 22:17:00,5.75,665.0,707.5,2.6,59.5
2017-10-13 22:18:00,6.0550003,663.5,705.5,1.55,59.5
2017-10-13 22:19:00,4.925,659.5,701.0,2.1,59.0
2017-10-13 22:20:00,5.5550003,661.5,703.5,1.75,59.5
2017-10-13 22:21:00,5.855,675.5,720.0,1.2,61.0
2017-10-13 22:22:00,6.715,668.5,713.5,2.1,62.0
2017-10-13 22:23:00,6.21,661.5,702.5,2.75,58.5
2017-10-13 22:24:00,5.645,695.0,733.0,2.65,57.0
2017-10-13 22:25:00,5.8999996,662.5,707.0,1.75,61.0
2017-10-13 22:26:00,5.535,672.5,715.0,1.9,59.5
2017-10-13 22:27:00,5.91,673.5,716.5,2.2,59.5
2017-10-13 22:28:00,6.66,675.0,717.0,2.9,59.0
2017-10-13 22:29:00,6.42,671.5,713.0,3.25,59.5
2017-10-13 22:30:00,6.1,673.5,715.5,3.15,59.5
2017-10-13 22:31:00,5.455,676.5,717.0,1.45,58.5
2017-10-13 22:32:00,4.975,670.0,709.5,-0.5,57.5
2017-10-13 22:33:00,4.8050003,665.5,705.0,-0.55,58.0
2017-10-13 22:34:00,5.44,661.5,703.0,-0.15,59.0
2017-10-13 22:35:00,4.745,678.0,717.0,-0.14999998,57.0
2017-10-13 22:36:00,3.995,695.0,731.5,-0.65,55.5
2017-10-13 22:37:00,3.8249998,703.5,740.0,-0.9,54.5
2017-10-13 22:38:00,3.7150002,720.5,752.5,-0.75,52.0
2017-10-13 22:39:00,3.375,725.5,757.0,-0.9,51.5
2017-10-13 22:40:00,3.415,718.0,753.0,-0.75,54.5
2017-10-13 22:41:00,3.555,721.0,755.0,-0.65,54.5
2017-10-13 22:42:00,3.8049998,723.5,754.0,-1.25,51.0
2017-10-13 22:43:00,3.99,712.5,746.5,-0.95000005,54.0
2017-10-13 22:44:00,4.69,720.5,752.5,-1.5,52.5
2017-10-13 22:45:00,4.13,722.0,754.5,-1.55,52.5
2017-10-13 22:46:00,4.255,714.5,748.0,-0.25,53.5
2017-10-13 22:47:00,4.1949997,712.0,745.0,-0.35000002,53.0
2017-10-13 22:48:00,4.165,721.5,753.5,-0.35000002,52.5
2017-10-13 22:49:00,4.185,721.0,751.5,-0.4,51.0
2017-10-13 22:50:00,4.285,722.0,752.5,-0.35000002,51.0
2017-10-13 22:51:00,4.15,722.0,751.5,0.25,50.0
2017-10-13 22:52:00,4.24,718.0,748.5,0.1,51.5
2017-10-13 22:53:00,4.295,714.5,746.0,0.3,51.5
2017-10-13 22:54:00,4.4,711.0,743.0,0.25,52.0
2017-10-13 22:55:00,4.545,718.0,748.5,0.2,51.5
2017-10-13 22:56:00,4.615,711.5,743.5,0.6,53.0
2017-10-13 22:57:00,4.46,715.0,744.0,0.79999995,50.0
2017-10-13 22:58:00,4.565,713.0,743.5,0.95000005,51.0
2017-10-13 22:59:00,4.615,714.0,743.0,1.1,50.0
2017-10-13 23:00:00,4.67,710.5,744.0,1.6,53.0
2017-10-13 23:01:00,4.705,713.0,746.0,1.55,53.0
2017-10-13 23:02:00,4.7799997,712.0,744.0,1.75,52.5
2017-10-13 23:03:00,4.895,710.5,744.5,1.75,54.0
2017-10-13 23:04:00,4.795,711.5,745.0,1.75,53.5
2017-10-13 23:05:00,4.9399996,712.0,745.0,1.75,53.5
2017-10-13 23:06:00,4.775,711.5,744.5,1.6,53.5
2017-10-13 23:07:00,4.705,712.5,745.5,1.8,53.5
2017-10-13 23:08:00,4.84,713.0,746.5,1.75,53.0
2017-10-13 23:09:00,4.9750004,710.0,743.5,1.75,53.5
2017-10-13 23:10:00,4.415,711.5,745.5,1.7,53.5
2017-10-13 23:11:00,4.7349997,713.0,747.5,1.75,54.0
2017-10-13 23:12:00,4.6099997,708.5,741.0,1.45,52.0
2017-10-13 23:13:00,4.435,719.0,751.5,1.5,52.5
2017-10-13 23:14:00,4.585,716.0,748.5,1.55,53.0
2017-10-13 23:15:00,4.5699997,717.5,752.0,1.5,54.0
2017-10-13 23:16:00,4.675,706.0,740.5,1.6,54.0
2017-10-13 23:17:00,4.365,714.0,747.5,1.35,53.5
2017-10-13 23:18:00,4.99,679.0,719.5,2.0,58.0
2017-10-13 23:19:00,4.4449997,684.5,724.0,2.1,57.5
2017-10-13 23:20:00,4.3500004,692.0,730.5,1.6500001,56.5
2017-10-13 23:21:00,4.4300003,686.5,725.5,1.55,57.0
2017-10-13 23:22:00,4.48,678.0,718.5,1.5,58.0
2017-10-13 23:23:00,4.0,684.0,724.0,1.3499999,58.0
2017-10-13 23:24:00,4.1,686.0,726.0,1.15,57.5
2017-10-13 23:25:00,4.18,685.5,725.5,1.1500001,58.0
2017-10-13 23:26:00,4.705,696.5,734.5,1.55,56.0
2017-10-13 23:27:00,4.6949997,699.0,736.0,1.55,56.0
2017-10-13 23:28:00,5.6,692.0,729.5,2.1,56.5
2017-10-13 23:29:00,5.5699997,690.0,727.5,1.9499999,56.5
2017-10-13 23:30:00,5.46,707.5,742.0,2.1,54.0
2017-10-13 23:31:00,4.855,708.5,743.0,1.95,54.5
2017-10-13 23:32:00,5.285,691.0,728.5,1.8499999,56.5
2017-10-13 23:33:00,5.34,688.0,726.0,1.7,57.0
2017-10-13 23:34:00,4.4049997,703.5,739.0,1.6,54.5
2017-10-13 23:35:00,4.5,692.0,730.0,1.15,56.5
2017-10-13 23:36:00,4.58,689.0,728.5,0.8,58.0
2017-10-13 23:37:00,4.505,690.5,729.0,1.6500001,57.0
2017-10-13 23:38:00,4.41,686.5,726.0,0.5,57.5
2017-10-13 23:39:00,5.15,670.0,712.5,0.3,60.0
2017-10-13 23:40:00,4.69,674.5,716.5,-0.1,59.5
2017-10-13 23:41:00,5.165,665.5,710.0,0.1,61.0
2017-10-13 23:42:00,5.325,667.0,711.0,0.0,60.5
2017-10-13 23:43:00,5.425,663.5,707.5,0.0,60.5
2017-10-13 23:44:00,5.105,667.0,711.0,0.15,60.0
2017-10-13 23:45:00,5.075,667.5,711.5,0.05,60.5
2017-10-13 23:46:00,5.205,665.0,709.0,0.55,61.0
2017-10-13 23:47:00,5.15,665.0,708.0,0.9,60.5
2017-10-13 23:48:00,5.26,665.0,708.5,0.6,60.0
2017-10-13 23:49:00,4.755,667.0,711.0,0.75,60.5
2017-10-13 23:50:00,4.535,667.0,708.0,1.0,58.5
2017-10-13 23:51:00,4.79,671.5,714.0,0.9,59.5
2017-10-13 23:52:00,4.4300003,682.0,722.0,1.2,58.5
2017-10-13 23:53:00,4.5299997,677.0,719.0,0.75,59.5
2017-10-13 23:54:00,4.85,672.5,713.5,0.75,59.0
2017-10-13 23:55:00,4.67,675.0,717.0,0.9,59.0
2017-10-13 23:56:00,5.025,675.0,716.5,1.15,59.0
2017-10-13 23:57:00,4.9449997,673.0,715.0,0.70000005,59.5
2017-10-13 23:58:00,5.1549997,678.5,719.0,1.35,58.5
2017-10-13 23:59:00,4.675,669.0,712.5,0.75,60.5
